"","SVM_LABEL","SVM_PROB"
"1","1",0.581030730950028
"2","1",0.601938224979481
"3","1",0.727950003158129
"4","1",0.581030730950028
"5","1",0.758533987371692
"6","1",0.714293778473089
"7","1",0.730442565507045
"8","1",0.733275235109445
"9","1",0.753998160326159
"10","1",0.712175000512309
"11","1",0.646712004392367
