"","SVM_LABEL","SVM_PROB"
"1","1",0.581030730950028
"2","1",0.660460131282221
"3","1",0.733012439301252
"4","1",0.763089385828458
"5","1",0.743307231138058
"6","1",0.645902351660709
"7","1",0.581030730950028
