"","SVM_LABEL","SVM_PROB"
"1","1",0.577989485062462
"2","1",0.730442565507045
