"","SVM_LABEL","SVM_PROB"
"1","1",0.609866184274987
"2","1",0.674909347437093
"3","1",0.736390643701476
"4","1",0.736390643701476
"5","1",0.513651221189004
"6","1",0.739408991916385
"7","1",0.739408991916385
"8","1",0.609866184274987
"9","1",0.736390643701476
"10","1",0.736390643701476
"11","-1",0.649646464307035
"12","1",0.513651221189004
