"","SVM_LABEL","SVM_PROB"
"1","1",0.613530575844741
"2","1",0.719122210774627
