"","SVM_LABEL","SVM_PROB"
"1","1",0.609866184274987
"2","1",0.53150311136669
