"","SVM_LABEL","SVM_PROB"
"1","1",0.730442565507045
"2","1",0.638924318256137
"3","1",0.581030730950028
"4","1",0.589953064795937
"5","1",0.54295596142567
"6","1",0.69012704518347
"7","1",0.730442565507045
"8","1",0.637859117608587
"9","1",0.788750543678545
"10","1",0.721839347208557
"11","1",0.534662897524964
"12","1",0.791904572499813
"13","1",0.791904572499813
"14","1",0.679188829727191
"15","1",0.601630131204395
"16","1",0.604369427236944
