"","SVM_LABEL","SVM_PROB"
"1","1",0.734614652925759
"2","1",0.734614652925759
