"","SVM_LABEL","SVM_PROB"
"1","1",0.608473535730655
"2","1",0.608473535730655
