"","SVM_LABEL","SVM_PROB"
"1","1",0.685455319694256
"2","1",0.685455319694256
"3","-1",0.538913652847303
"4","1",0.609866184274987
"5","1",0.66473534936528
"6","1",0.609866184274987
"7","1",0.590506408035688
"8","1",0.590506408035688
