"","SVM_LABEL","SVM_PROB"
"1","1",0.684209910894384
"2","1",0.743786828314023
"3","1",0.803748097104913
"4","1",0.549011549128489
