"","SVM_LABEL","SVM_PROB"
"1","1",0.71985217302657
"2","1",0.706987950263029
"3","1",0.71985217302657
"4","1",0.636939480985144
"5","1",0.636939480985144
