"","SVM_LABEL","SVM_PROB"
"1","-1",0.509387672559262
"2","1",0.787487208118497
