"","SVM_LABEL","SVM_PROB"
"1","1",0.581030730950028
"2","1",0.581030730950028
"3","1",0.624152480210699
"4","1",0.557562476437507
"5","1",0.581030730950028
"6","1",0.624152480210699
"7","1",0.581030730950028
"8","1",0.818958604420211
"9","1",0.557562476437507
"10","1",0.557562476437507
"11","1",0.624152480210699
"12","1",0.557562476437507
