"","SVM_LABEL","SVM_PROB"
"1","1",0.77204613263684
"2","1",0.77204613263684
"3","1",0.730442565507045
