"","SVM_LABEL","SVM_PROB"
"1","1",0.721658692161598
"2","1",0.722108964188761
"3","1",0.581030730950028
"4","1",0.635487567357692
"5","1",0.682087506629818
"6","1",0.730442565507045
"7","1",0.56115618676235
"8","1",0.818958604420211
