"","SVM_LABEL","SVM_PROB"
"1","1",0.583453150597774
"2","1",0.581030730950028
"3","1",0.76694938476209
"4","1",0.581030730950028
"5","1",0.618836022778679
