"","SVM_LABEL","SVM_PROB"
"1","1",0.581030730950028
"2","1",0.759590446051742
"3","1",0.760604675698771
"4","1",0.609866184274987
"5","1",0.760604675698771
"6","1",0.609866184274987
"7","1",0.760604675698771
"8","1",0.609866184274987
