"","SVM_LABEL","SVM_PROB"
"1","1",0.609866184274987
"2","1",0.610672373447889
"3","1",0.730442565507045
"4","1",0.54295596142567
