"","SVM_LABEL","SVM_PROB"
"1","1",0.735446893591121
"2","1",0.581030730950028
"3","1",0.581030730950028
"4","1",0.618836022778679
"5","-1",0.787720064256628
"6","1",0.679856428321546
"7","1",0.53018070664834
