"","SVM_LABEL","SVM_PROB"
"1","1",0.589953064795937
"2","1",0.581030730950028
"3","1",0.581030730950028
