"","SVM_LABEL","SVM_PROB"
"1","1",0.688399950357148
"2","1",0.690123070070001
