"","SVM_LABEL","SVM_PROB"
"1","1",0.638924318256137
"2","1",0.581030730950028
"3","1",0.581030730950028
"4","1",0.581030730950028
