"","SVM_LABEL","SVM_PROB"
"1","1",0.674909347437093
"2","1",0.674909347437093
