"","SVM_LABEL","SVM_PROB"
"1","1",0.736646174905024
"2","1",0.581030730950028
"3","1",0.682380914291238
"4","1",0.581030730950028
"5","1",0.682380914291238
"6","1",0.644209396365305
"7","1",0.644209396365305
"8","1",0.552573880959703
"9","1",0.682380914291238
