"","SVM_LABEL","SVM_PROB"
"1","1",0.6155180914703
"2","1",0.790862783285929
"3","-1",0.5
"4","1",0.789242237786992
"5","1",0.746372149179072
"6","-1",0.5
"7","1",0.557836322107081
"8","-1",0.5
"9","1",0.553531083769676
"10","-1",0.5
"11","1",0.769816043178927
"12","1",0.558601827087567
"13","1",0.771099418362891
"14","1",0.642692798391248
"15","1",0.773569298483654
"16","-1",0.536878455399251
"17","1",0.772620408739709
"18","1",0.769816043178927
"19","1",0.769816043178927
"20","1",0.796813947809015
"21","-1",0.5
"22","1",0.769816043178927
"23","1",0.719774110507895
"24","1",0.607731398691485
"25","1",0.767029890506903
"26","1",0.694356077571593
"27","1",0.769816043178927
"28","1",0.764914530478361
"29","1",0.746372149179072
"30","1",0.642692798391248
"31","1",0.746372149179072
"32","-1",0.5
"33","1",0.746372149179072
