"","SVM_LABEL","SVM_PROB"
"1","1",0.742906940548468
"2","1",0.624104933107564
"3","1",0.773320789693183
"4","1",0.624104933107564
"5","1",0.624104933107564
