"","SVM_LABEL","SVM_PROB"
"1","1",0.815351360007318
"2","1",0.787248533298668
"3","1",0.714703650625548
"4","1",0.792261132396696
"5","1",0.770147818721311
"6","1",0.642728088529698
"7","1",0.815351360007318
"8","1",0.773320789693183
"9","1",0.773320789693183
"10","1",0.773320789693183
"11","1",0.773320789693183
"12","1",0.796797750223468
"13","1",0.754032143552014
"14","1",0.718342833890037
"15","1",0.754032143552014
"16","1",0.767570797493246
