"","SVM_LABEL","SVM_PROB"
"1","1",0.730336061466168
"2","1",0.774066654284378
