"","SVM_LABEL","SVM_PROB"
"1","1",0.747841072315936
"2","1",0.722699691974322
"3","1",0.769816043178927
"4","-1",0.649641502166306
"5","1",0.822343985370433
"6","1",0.769816043178927
"7","1",0.792499570131418
"8","1",0.760285621350521
"9","1",0.769816043178927
"10","-1",0.536878455399251
"11","1",0.801554705330593
"12","1",0.864232857773963
"13","1",0.640332743035466
"14","1",0.804021465060694
"15","1",0.769816043178927
"16","1",0.786610744962252
"17","1",0.747841072315936
"18","1",0.801554705330593
"19","1",0.864232857773963
"20","1",0.760285621350521
"21","1",0.769816043178927
"22","1",0.640332743035466
"23","1",0.804021465060694
"24","1",0.769816043178927
"25","1",0.822343985370433
