"","SVM_LABEL","SVM_PROB"
"1","1",0.785417995260206
"2","1",0.785417995260206
"3","1",0.785417995260206
"4","1",0.748686171517965
"5","1",0.776129677738212
"6","1",0.572134491083008
"7","1",0.803187245282619
"8","1",0.778873309978922
