"","SVM_LABEL","SVM_PROB"
"1","1",0.597845867771963
"2","1",0.796506564569597
