"","SVM_LABEL","SVM_PROB"
"1","1",0.672054608711191
"2","1",0.79158965793555
"3","1",0.769816043178927
"4","1",0.743481366519606
"5","1",0.788834471893469
"6","1",0.755953156765145
"7","1",0.724563094537941
"8","1",0.77829954378635
"9","1",0.780909849357621
