"","SVM_LABEL","SVM_PROB"
"1","1",0.769816043178927
"2","1",0.821411201125202
"3","1",0.769816043178927
"4","1",0.821411201125202
"5","1",0.797569929322563
