"","SVM_LABEL","SVM_PROB"
"1","-1",0.5
"2","1",0.684421688659279
"3","1",0.769989305546612
"4","1",0.769816043178927
"5","-1",0.5
"6","-1",0.5
"7","-1",0.5
"8","1",0.607731398691485
"9","1",0.738271446080432
"10","1",0.743718031369154
"11","1",0.786963325653879
"12","1",0.743481366519606
"13","1",0.783929831327318
"14","1",0.79732782837211
