"","SVM_LABEL","SVM_PROB"
"1","1",0.715636085278055
"2","1",0.769816043178927
"3","-1",0.649641502166306
"4","1",0.763139287114448
"5","1",0.716566040853902
"6","1",0.795385499909409
"7","1",0.769816043178927
"8","1",0.662940275821295
"9","1",0.709893720280012
"10","1",0.756139697620735
"11","1",0.716566040853902
"12","1",0.795385499909409
"13","1",0.769816043178927
"14","1",0.662940275821295
"15","1",0.709893720280012
"16","1",0.73105751164017
"17","1",0.716566040853902
"18","1",0.715636085278055
