"","SVM_LABEL","SVM_PROB"
"1","-1",0.536878455399251
"2","1",0.772614023712379
