"","SVM_LABEL","SVM_PROB"
"1","1",0.7427619913477
"2","1",0.81206966711357
"3","1",0.734972737566881
"4","1",0.772574904877911
"5","1",0.772574904877911
"6","1",0.732733528291322
"7","1",0.737361179458127
"8","1",0.738468291029582
"9","1",0.759210500416041
"10","1",0.534739842780032
"11","1",0.732242396881588
"12","1",0.782470285000255
"13","1",0.752391290915904
"14","1",0.807593959194872
"15","1",0.789609193862855
"16","1",0.776547886911647
"17","1",0.766875833672385
"18","1",0.643546706161088
"19","1",0.769816043178927
"20","1",0.65397132349997
"21","1",0.803938193107831
"22","1",0.696702373194324
"23","1",0.814855707924793
