"","SVM_LABEL","SVM_PROB"
"1","1",0.791992516097113
"2","1",0.807688615207754
"3","1",0.839928079480494
"4","1",0.769816043178927
