"","SVM_LABEL","SVM_PROB"
"1","1",0.785530599228048
"2","1",0.796824008293986
"3","1",0.791597202815516
"4","1",0.696096627150061
"5","1",0.796824008293986
