"","SVM_LABEL","SVM_PROB"
"1","1",0.774166455628099
"2","1",0.78896783285824
"3","1",0.78896783285824
