"","SVM_LABEL","SVM_PROB"
"1","1",0.770147818721311
"2","1",0.775598615569304
"3","1",0.85177315732261
"4","1",0.772382786825931
"5","1",0.787398358463227
"6","1",0.696423470871319
"7","1",0.734166981008087
"8","1",0.762353720075181
"9","1",0.769816043178927
"10","1",0.841121143535092
"11","1",0.761205248261025
"12","1",0.754098857553838
"13","1",0.787296251559067
"14","1",0.829557029632192
"15","1",0.825616490625018
"16","1",0.817408703669075
"17","-1",0.55863175172731
"18","1",0.626347042757083
"19","1",0.820085588628094
"20","1",0.769816043178927
"21","1",0.768245068362885
"22","1",0.723575781057629
"23","-1",0.545018797741223
"24","1",0.783847714625871
"25","1",0.767570797493246
"26","1",0.743481366519606
"27","1",0.743481366519606
"28","1",0.698631073744869
"29","1",0.785839025631834
"30","1",0.760760721672247
"31","1",0.769239958181772
"32","1",0.654458356717422
"33","1",0.773507453575281
"34","1",0.769816043178927
"35","1",0.769816043178927
"36","1",0.735187188457243
"37","1",0.769816043178927
"38","1",0.769816043178927
"39","1",0.797875692583612
"40","1",0.651322915508211
"41","1",0.765219735596073
"42","1",0.841121143535092
"43","1",0.829557029632192
"44","1",0.743481366519606
"45","1",0.739514981279659
"46","1",0.743481366519606
"47","1",0.743481366519606
"48","1",0.785531581608344
"49","1",0.739514981279659
"50","1",0.772382786825931
"51","1",0.743481366519606
"52","1",0.743481366519606
"53","1",0.785531581608344
"54","-1",0.649641502166306
"55","1",0.676380719420396
"56","-1",0.538043519789712
"57","1",0.807688615207754
"58","1",0.775598615569304
"59","1",0.743481366519606
"60","1",0.743481366519606
"61","1",0.743481366519606
