"","SVM_LABEL","SVM_PROB"
"1","1",0.769816043178927
"2","1",0.779174865564339
"3","1",0.819118658525651
"4","-1",0.688735590810035
"5","1",0.562425375764571
"6","-1",0.5
"7","-1",0.5
"8","-1",0.5
"9","1",0.730336061466168
"10","1",0.825920505574847
"11","1",0.796824008293986
"12","1",0.747342057570877
"13","1",0.769816043178927
"14","1",0.792627598837895
"15","1",0.730336061466168
"16","1",0.744991018688779
