"","SVM_LABEL","SVM_PROB"
"1","1",0.771531024105975
"2","1",0.752516720454155
"3","1",0.713928234343627
