"","SVM_LABEL","SVM_PROB"
"1","1",0.801064431122131
"2","1",0.81887640542308
"3","1",0.769816043178927
"4","-1",0.618746618677238
"5","1",0.801064431122131
"6","-1",0.586265388394246
"7","-1",0.618746618677238
"8","1",0.750705918737673
