"","SVM_LABEL","SVM_PROB"
"1","1",0.769816043178927
"2","1",0.680112373946577
"3","1",0.715414566699557
