"","SVM_LABEL","SVM_PROB"
"1","1",0.753399377833421
"2","1",0.769816043178927
"3","1",0.772620408739709
"4","1",0.730336061466168
"5","1",0.730336061466168
"6","1",0.705544363826885
"7","1",0.769816043178927
"8","1",0.645909020148156
"9","1",0.769830687084777
"10","1",0.746243999815892
"11","1",0.791421780356228
"12","1",0.774822860523303
"13","1",0.743481366519606
