"","SVM_LABEL","SVM_PROB"
"1","1",0.785297791503698
"2","1",0.769816043178927
"3","1",0.785297791503698
