"","SVM_LABEL","SVM_PROB"
"1","1",0.607731398691485
"2","1",0.75011124074909
"3","1",0.782470285000255
