"","SVM_LABEL","SVM_PROB"
"1","-1",0.536878455399251
"2","1",0.653768201820934
"3","1",0.849413667488218
"4","1",0.769816043178927
"5","1",0.769816043178927
"6","1",0.585945878078439
"7","1",0.706421696786342
"8","1",0.761814306629825
"9","-1",0.536878455399251
"10","-1",0.566031894710968
"11","1",0.7427619913477
"12","1",0.741520912864495
"13","1",0.758455604861741
"14","1",0.603446756560393
"15","1",0.726132870572289
"16","1",0.795060273796437
"17","1",0.58363283690419
"18","1",0.728367863065413
"19","1",0.743481366519606
"20","1",0.655111825507172
"21","1",0.793184945790774
"22","1",0.577464628953155
"23","1",0.740360509094689
"24","1",0.796824008293986
"25","1",0.769816043178927
"26","1",0.676042172326564
"27","1",0.769816043178927
"28","1",0.790862783285929
"29","1",0.769816043178927
"30","1",0.785839025631834
"31","1",0.786451476729117
"32","1",0.790862783285929
"33","1",0.766678882778443
