"","SVM_LABEL","SVM_PROB"
"1","1",0.680598820432007
"2","1",0.674210966863149
"3","1",0.613865507881771
