"","SVM_LABEL","SVM_PROB"
"1","1",0.755876085305001
"2","1",0.764679778829144
"3","1",0.782744817787829
"4","1",0.767662157092643
"5","1",0.766328370417119
"6","-1",0.598916258348135
"7","1",0.755876085305001
"8","-1",0.598916258348135
"9","1",0.755876085305001
"10","1",0.789371429370961
"11","1",0.804673142631525
"12","1",0.813853051721051
"13","1",0.707274559921994
"14","1",0.845248789402152
"15","1",0.806238917458285
"16","1",0.817519619959719
"17","1",0.524983653497431
"18","1",0.755876085305001
"19","1",0.755876085305001
"20","1",0.755876085305001
"21","1",0.755876085305001
"22","-1",0.598916258348135
"23","1",0.755876085305001
"24","1",0.789371429370961
"25","1",0.804673142631525
"26","1",0.813853051721051
"27","1",0.845248789402152
"28","1",0.806238917458285
