"","SVM_LABEL","SVM_PROB"
"1","1",0.795194806599817
"2","1",0.80716391190966
"3","1",0.74473920625755
"4","1",0.80716391190966
"5","1",0.80716391190966
"6","1",0.80716391190966
"7","1",0.80716391190966
"8","1",0.80716391190966
"9","1",0.80716391190966
"10","1",0.80716391190966
"11","1",0.80716391190966
"12","1",0.80716391190966
"13","1",0.80716391190966
