"","SVM_LABEL","SVM_PROB"
"1","1",0.73762791296049
"2","1",0.544786688163067
"3","1",0.844462570424563
"4","1",0.685073149648984
"5","1",0.651018493760947
"6","1",0.755876085305001
"7","1",0.678877707694514
"8","1",0.865158674763371
"9","1",0.764679778829144
"10","1",0.775295926897621
"11","1",0.648911411212596
"12","1",0.755876085305001
