"","SVM_LABEL","SVM_PROB"
"1","1",0.758335883934037
"2","1",0.741614602314329
"3","-1",0.531782055494025
"4","1",0.838487821849998
"5","1",0.755876085305001
"6","1",0.755876085305001
"7","-1",0.7342322072036
"8","1",0.815948000565216
"9","1",0.81528527184438
"10","1",0.755876085305001
