"","SVM_LABEL","SVM_PROB"
"1","1",0.787841110088555
"2","1",0.75752565282436
"3","1",0.83738430852727
"4","1",0.764679778829144
"5","1",0.838487821849998
"6","1",0.579663276876126
