"","SVM_LABEL","SVM_PROB"
"1","1",0.698081882462841
"2","1",0.782744817787829
"3","1",0.77873938178729
"4","1",0.815948000565216
"5","1",0.565774833718605
"6","1",0.735500390908138
"7","1",0.617266208537574
"8","1",0.787134497246574
"9","1",0.755876085305001
