"","SVM_LABEL","SVM_PROB"
"1","1",0.53583438682411
"2","1",0.755876085305001
"3","1",0.690682230530492
"4","1",0.854222318727886
"5","1",0.755876085305001
"6","1",0.883747661611151
"7","1",0.755876085305001
"8","1",0.685073149648984
