"","SVM_LABEL","SVM_PROB"
"1","1",0.848650686456169
"2","1",0.755876085305001
"3","1",0.622003546147913
"4","1",0.526244717320697
"5","1",0.744839195566877
"6","1",0.550463363254403
"7","-1",0.507389430017691
"8","1",0.632866598597565
"9","1",0.846938572262262
"10","1",0.72652392170598
"11","1",0.786965256933182
"12","1",0.755876085305001
"13","1",0.826072139272079
"14","1",0.811568820070842
"15","1",0.522475075320291
"16","1",0.652253371521837
"17","-1",0.621289314637727
"18","1",0.767078514056904
"19","-1",0.50803909932317
"20","1",0.755876085305001
"21","1",0.815380529145361
"22","1",0.760972215765447
"23","1",0.753915662719797
"24","-1",0.767642758825811
"25","1",0.683690471368071
"26","1",0.717226804211226
"27","1",0.817428244254582
"28","1",0.550726581425087
"29","1",0.806238917458285
"30","-1",0.687002208427908
"31","1",0.70774543494464
"32","1",0.798790549295425
"33","1",0.729157314408475
"34","1",0.761504604386872
"35","1",0.662115177089505
"36","1",0.775295926897621
"37","1",0.778536877063478
"38","1",0.649140552470476
"39","1",0.705971413075704
"40","-1",0.519873211808908
"41","-1",0.60574528639771
"42","1",0.906693291388764
"43","1",0.675398361717678
"44","1",0.645549791228548
"45","1",0.83635255820639
"46","1",0.747349044109622
"47","1",0.959622376115447
"48","-1",0.707231178784275
"49","1",0.764679778829144
"50","1",0.763238116299602
"51","1",0.729600810662205
"52","1",0.714804902310885
"53","-1",0.615654150805618
"54","-1",0.579695305720466
"55","1",0.818190849193465
"56","1",0.993685576847406
"57","1",0.847780794443585
