"","SVM_LABEL","SVM_PROB"
"1","1",0.813322956403133
"2","1",0.755876085305001
"3","1",0.778417303647002
"4","1",0.606971594352139
"5","1",0.894492157105307
"6","1",0.959169940366554
"7","-1",0.523075268320694
"8","-1",0.655759957583151
"9","1",0.75752565282436
"10","-1",0.662703108618372
"11","1",0.525697063478178
"12","1",0.858236621163502
"13","1",0.781495349692954
"14","1",0.809835585233513
"15","1",0.700325292344042
"16","1",0.755876085305001
"17","1",0.530119011146885
"18","1",0.696175604988019
"19","-1",0.724053693752182
"20","1",0.792521270723006
"21","1",0.808144965268361
"22","1",0.828964919120661
"23","1",0.626703349676943
"24","1",0.518223235271696
"25","1",0.847267176308445
"26","-1",0.526282320126135
"27","1",0.75118704846521
"28","-1",0.571369673883109
"29","-1",0.591169328541123
"30","1",0.737177643698103
"31","1",0.515608227102024
"32","1",0.755876085305001
"33","1",0.783602688827903
"34","1",0.948749412900844
"35","1",0.795941094486849
"36","-1",0.590093803862504
"37","1",0.715679727200601
"38","1",0.778536877063478
"39","1",0.745834949083788
"40","-1",0.79850571615611
"41","1",0.598324349149795
"42","1",0.694099144976554
"43","1",0.678877707694514
"44","1",0.658029264605001
"45","1",0.719117418813989
"46","1",0.821294370941951
"47","1",0.728803823962184
"48","1",0.955220336139839
"49","1",0.755876085305001
"50","-1",0.534776525009295
"51","1",0.755876085305001
"52","1",0.755876085305001
"53","1",0.673329655837573
"54","1",0.763898796509583
"55","1",0.820531678646135
"56","1",0.673329655837573
"57","1",0.755876085305001
"58","1",0.827769178106687
"59","1",0.717226804211226
"60","1",0.946328718099414
"61","-1",0.569592603950571
"62","1",0.85471626501895
"63","1",0.611185323138674
"64","1",0.556298192309891
"65","1",0.849627776235371
"66","1",0.606971594352139
"67","1",0.781495349692954
"68","-1",0.697609548477997
"69","1",0.626703349676943
"70","1",0.518223235271696
"71","-1",0.5
"72","1",0.652229366245807
"73","1",0.850307877356291
"74","1",0.737177643698103
"75","-1",0.590093803862504
"76","1",0.658029264605001
"77","1",0.809835585233513
"78","1",0.519328407215502
"79","1",0.715679727200601
"80","1",0.669815844314098
"81","1",0.843140046553644
"82","1",0.641025204157398
"83","1",0.813322956403133
"84","1",0.809835585233513
"85","1",0.669815844314098
"86","1",0.813322956403133
"87","1",0.803217377912368
"88","1",0.785425571194314
"89","1",0.803217377912368
