"","SVM_LABEL","SVM_PROB"
"1","1",0.807818352608453
"2","1",0.750644084277355
"3","1",0.755876085305001
"4","1",0.872918133385921
"5","1",0.787532509781851
"6","1",0.745585218669127
"7","1",0.755876085305001
"8","1",0.64820435007253
"9","1",0.812981032828604
"10","1",0.796205182863699
"11","1",0.755876085305001
"12","1",0.784757444320495
"13","1",0.730433375354309
"14","1",0.755876085305001
"15","1",0.890532974282163
"16","1",0.64820435007253
"17","1",0.728021559959917
"18","1",0.650048884314298
"19","1",0.885650948154449
"20","1",0.928961099604121
"21","1",0.610686904192883
"22","1",0.807818352608453
"23","1",0.660199020031768
"24","1",0.687948401872001
"25","1",0.64820435007253
"26","1",0.616192727497693
"27","1",0.743307964041208
"28","1",0.764130722125383
"29","1",0.634326226537232
"30","1",0.659653814789859
"31","1",0.755876085305001
"32","1",0.761812330491675
"33","1",0.930682060338761
"34","1",0.830449402527106
"35","1",0.694099144976554
"36","1",0.917250270935227
"37","1",0.663566276911672
"38","1",0.853463609012132
"39","1",0.755876085305001
"40","1",0.659653814789859
"41","1",0.755876085305001
"42","1",0.830449402527106
"43","1",0.694099144976554
"44","1",0.917250270935227
"45","1",0.663566276911672
"46","1",0.853463609012132
