"","SVM_LABEL","SVM_PROB"
"1","1",0.78526921839637
"2","1",0.820531678646135
"3","1",0.820531678646135
"4","1",0.794441911505975
"5","1",0.743104555356127
"6","-1",0.689714063019271
"7","-1",0.589705736647376
"8","1",0.877878479344369
"9","-1",0.711649611637453
"10","1",0.797445095389769
"11","1",0.817428244254582
"12","1",0.770620856459665
"13","-1",0.505448333909861
"14","1",0.754570511060945
"15","1",0.773262408048201
"16","1",0.74901508692585
"17","1",0.736053077433211
"18","1",0.806784766556182
"19","1",0.715677639750515
"20","1",0.733834700273963
"21","1",0.966462747800152
"22","1",0.64820435007253
"23","1",0.566630563354799
"24","1",0.79210786152025
"25","1",0.799751942708178
"26","1",0.529763374010425
"27","1",0.746584178784976
"28","1",0.547853170642926
"29","1",0.796205182863699
"30","1",0.738458485773535
"31","1",0.654762428978182
"32","1",0.715653149857797
"33","1",0.755876085305001
"34","1",0.755876085305001
"35","1",0.656022480112978
"36","1",0.577797065898167
"37","1",0.64820435007253
"38","1",0.649426037856499
"39","1",0.839883801220319
"40","1",0.858476105052855
"41","1",0.73432879980314
"42","1",0.547853170642926
"43","1",0.580347840924523
"44","1",0.640866247993078
"45","-1",0.505448333909861
"46","1",0.808028914504213
"47","1",0.801364247869482
"48","-1",0.664022781749331
"49","1",0.638934181154717
"50","1",0.685073149648984
"51","1",0.755876085305001
"52","1",0.881475057042595
"53","1",0.839883801220319
"54","1",0.858476105052855
"55","1",0.796205182863699
"56","1",0.656022480112978
"57","1",0.702340922899104
"58","-1",0.690149650430998
"59","1",0.858476105052855
"60","1",0.78526921839637
"61","1",0.820531678646135
"62","1",0.820531678646135
"63","1",0.810552310062094
"64","1",0.826973494753023
"65","1",0.713854746353335
"66","-1",0.505448333909861
"67","1",0.806784766556182
"68","1",0.566630563354799
"69","1",0.79210786152025
"70","1",0.746584178784976
"71","1",0.74901508692585
"72","1",0.74901508692585
"73","1",0.817428244254582
"74","1",0.773262408048201
"75","1",0.799751942708178
"76","1",0.808028914504213
"77","-1",0.664022781749331
"78","1",0.808028914504213
"79","1",0.685073149648984
"80","1",0.881475057042595
"81","1",0.755876085305001
"82","-1",0.505448333909861
"83","1",0.806784766556182
"84","1",0.746584178784976
"85","1",0.654762428978182
"86","1",0.715653149857797
"87","1",0.577797065898167
"88","1",0.64820435007253
"89","1",0.566630563354799
"90","1",0.79210786152025
"91","1",0.746584178784976
"92","1",0.547853170642926
