"","SVM_LABEL","SVM_PROB"
"1","1",0.710344131234176
"2","1",0.81738189602034
"3","1",0.847601503504643
"4","1",0.64659807009087
"5","1",0.758231371824821
"6","1",0.626629666825002
"7","1",0.777368100637621
"8","1",0.755876085305001
"9","1",0.755876085305001
"10","-1",0.585357710507433
"11","1",0.685073149648984
"12","1",0.765461043021496
"13","1",0.755876085305001
