"","SVM_LABEL","SVM_PROB"
"1","1",0.709326005323292
"2","1",0.755876085305001
"3","1",0.800752809547006
"4","1",0.815083680707379
"5","1",0.703627769314745
"6","1",0.755876085305001
"7","1",0.719579715594708
"8","1",0.764679778829144
"9","1",0.755876085305001
"10","1",0.541761589328834
"11","1",0.755876085305001
"12","1",0.755876085305001
"13","1",0.740461918988702
"14","1",0.744844841145322
"15","1",0.755876085305001
"16","1",0.553857330528358
"17","1",0.789371429370961
"18","1",0.725245864897858
"19","1",0.657321831394723
"20","1",0.755876085305001
"21","1",0.727519146257362
"22","1",0.758335883934037
"23","-1",0.827941559831641
"24","1",0.709326005323292
"25","1",0.815083680707379
"26","1",0.755876085305001
"27","1",0.764679778829144
