"","SVM_LABEL","SVM_PROB"
"1","1",0.716534169644153
"2","1",0.581206807106674
"3","1",0.83532030397802
