"","SVM_LABEL","SVM_PROB"
"1","1",0.755876085305001
"2","1",0.655351592479175
"3","1",0.650264565886755
"4","1",0.812705397335837
"5","1",0.614583379908537
"6","1",0.894928807711336
"7","1",0.817225306598278
"8","1",0.755876085305001
