"","SVM_LABEL","SVM_PROB"
"1","1",0.707174209689297
"2","1",0.755876085305001
"3","1",0.789371429370961
"4","1",0.838013718756912
"5","1",0.755876085305001
"6","1",0.755876085305001
"7","1",0.755876085305001
"8","1",0.868602661712717
"9","1",0.764679778829144
"10","1",0.891824246459468
"11","1",0.678570861171391
"12","1",0.71711540370471
"13","-1",0.513911655007485
"14","1",0.797656441265368
"15","-1",0.625384526240743
"16","-1",0.643817232547832
"17","1",0.755876085305001
"18","1",0.680527657412397
"19","1",0.509724101109246
"20","1",0.755876085305001
"21","1",0.778417303647002
"22","1",0.691111564053324
"23","1",0.778417303647002
"24","1",0.755876085305001
"25","1",0.755876085305001
"26","1",0.868602661712717
"27","1",0.740788325002282
"28","1",0.802994523451384
"29","1",0.622611968992959
"30","1",0.71711540370471
"31","1",0.858879853155299
"32","1",0.696468714350732
"33","1",0.733584222689219
"34","1",0.955220336139839
"35","1",0.776184101747293
"36","1",0.79871072442059
"37","1",0.758501558095086
"38","-1",0.531782055494025
"39","1",0.788007520066983
"40","1",0.755876085305001
"41","1",0.956850155783181
"42","1",0.677049672944697
"43","-1",0.5
"44","1",0.63519847785207
"45","1",0.707174209689297
