"","SVM_LABEL","SVM_PROB"
"1","1",0.656650449206156
"2","-1",0.720592470328119
"3","1",0.650422271281983
"4","-1",0.569127579295576
"5","1",0.613865507881771
"6","1",0.575380051016256
"7","1",0.738364513655475
"8","1",0.792845591578383
"9","1",0.617202197501234
"10","1",0.654804681394426
"11","1",0.54787450566096
"12","-1",0.886693666231223
"13","1",0.820101339323455
"14","1",0.613865507881771
"15","1",0.742328882968401
"16","1",0.548134522889543
"17","1",0.685022608862068
"18","1",0.528864519145214
"19","1",0.521078048113328
"20","-1",0.752779868772265
"21","1",0.728702204291484
"22","1",0.693467064583115
"23","1",0.628454640145607
"24","1",0.613865507881771
"25","1",0.744554198368255
"26","-1",0.627844472456786
"27","1",0.756871206048739
"28","1",0.577942270751567
"29","-1",0.665343607868521
"30","1",0.587849118164311
"31","1",0.627727137833541
"32","1",0.631072495305731
"33","1",0.613865507881771
"34","1",0.613865507881771
"35","1",0.52612785792177
"36","1",0.64605513589067
"37","1",0.648911429216098
"38","-1",0.668498703370312
"39","1",0.613865507881771
"40","-1",0.529252276740567
"41","1",0.613865507881771
"42","1",0.613865507881771
"43","-1",0.665393744371127
"44","1",0.52612785792177
"45","1",0.654804681394426
"46","1",0.613865507881771
"47","-1",0.54950502077185
"48","-1",0.552154220273337
"49","1",0.705053471717369
"50","1",0.613865507881771
"51","1",0.650422271281983
"52","1",0.606755395737809
"53","1",0.640988800886464
"54","1",0.603286560881236
"55","-1",0.847403085084024
"56","1",0.562780563746485
"57","1",0.558759810390998
"58","1",0.614016545953249
"59","1",0.595188907102733
"60","1",0.712970721947434
"61","1",0.65822745034295
"62","-1",0.545948893019604
"63","-1",0.555504187617777
"64","-1",0.545618613443839
"65","1",0.664946122582892
"66","-1",0.530491740301901
"67","1",0.692293769230487
"68","-1",0.560008065342145
"69","1",0.64491452455193
"70","-1",0.620243598755235
"71","1",0.83966923042421
"72","1",0.514133878804598
"73","1",0.898483682395631
"74","1",0.852252582083401
"75","-1",0.52410543185332
"76","1",0.615746135598188
"77","-1",0.794920358136291
"78","1",0.647719611924228
"79","-1",0.552975247269106
"80","1",0.653563319778418
"81","1",0.704779646687555
"82","1",0.685589536457996
"83","-1",0.523688706501349
"84","-1",0.541026828109787
"85","1",0.625170458960832
