"","SVM_LABEL","SVM_PROB"
"1","-1",0.863749428284998
"2","-1",0.568785209757311
"3","1",0.603361776070185
"4","1",0.549055347752857
"5","1",0.562187216662036
"6","1",0.655036652997024
"7","1",0.613865507881771
"8","1",0.705526991788235
"9","-1",0.5186483793215
"10","1",0.613865507881771
"11","1",0.639375925171708
"12","1",0.653396856843428
"13","1",0.718805701499552
"14","1",0.636085030640751
"15","1",0.791865906040913
"16","1",0.505828382219412
"17","-1",0.713507092953853
"18","1",0.66811469907939
"19","-1",0.818116419852873
"20","1",0.565543036473654
"21","1",0.653563319778418
"22","1",0.639299631926768
"23","1",0.636758760593604
"24","-1",0.537545141069361
"25","1",0.576883505216054
"26","-1",0.5
