"","SVM_LABEL","SVM_PROB"
"1","1",0.734434013310891
"2","-1",0.685887795710152
"3","1",0.643017452219466
"4","-1",0.627844472456786
"5","1",0.565831884678202
"6","1",0.697708344627866
"7","1",0.636374158997564
"8","-1",0.579492968755233
"9","1",0.52612785792177
"10","-1",0.549681835145233
"11","1",0.613865507881771
"12","1",0.579011867159709
"13","-1",0.649066873949021
"14","1",0.620808140502969
"15","1",0.764813181279222
"16","1",0.746982300280514
"17","1",0.602489505433403
"18","1",0.624817489082905
"19","1",0.726657965564581
"20","1",0.680398416359451
"21","-1",0.621595072617502
"22","1",0.52612785792177
"23","1",0.699536003502204
"24","1",0.613865507881771
"25","1",0.613865507881771
"26","-1",0.667254345844009
"27","1",0.613865507881771
"28","1",0.608265142591457
"29","1",0.613865507881771
"30","1",0.601413058168769
"31","1",0.595647952000142
"32","1",0.613865507881771
"33","-1",0.558434819931525
"34","1",0.636306364180667
"35","1",0.518998166116405
"36","1",0.695516473184251
"37","1",0.695516473184251
