"","SVM_LABEL","SVM_PROB"
"1","1",0.765370439313304
"2","1",0.769816043178927
"3","1",0.779692945852222
"4","1",0.769816043178927
"5","1",0.743481366519606
"6","1",0.769816043178927
"7","1",0.769816043178927
"8","1",0.743481366519606
