"","SVM_LABEL","SVM_PROB"
"1","1",0.79681095729204
"2","1",0.725619359818743
"3","1",0.807501398413666
