"","SVM_LABEL","SVM_PROB"
"1","1",0.693805856387642
"2","1",0.754486679413804
"3","1",0.711350114000968
"4","1",0.770005302273842
"5","1",0.765452315289501
"6","1",0.561545463124029
"7","1",0.747830067704465
"8","1",0.711350114000968
"9","1",0.561545463124029
"10","1",0.561545463124029
