"","SVM_LABEL","SVM_PROB"
"1","1",0.730442565507045
"2","1",0.667402519311163
"3","1",0.682380914291238
"4","1",0.754478074741066
"5","1",0.758199083524377
"6","1",0.641418216922889
"7","1",0.556770023340347
"8","1",0.749256336435868
"9","1",0.556770023340347
"10","1",0.730442565507045
