"","SVM_LABEL","SVM_PROB"
"1","1",0.706616018917919
"2","1",0.67926690503049
"3","1",0.759533347815005
"4","1",0.640856201519984
"5","1",0.746166526548686
"6","1",0.69154023880607
"7","1",0.730442565507045
"8","1",0.609866184274987
