"","SVM_LABEL","SVM_PROB"
"1","1",0.730442565507045
"2","1",0.664010133294923
"3","1",0.680680254704512
"4","1",0.601026788590856
"5","1",0.701485155385925
