"","SVM_LABEL","SVM_PROB"
"1","1",0.581030730950028
"2","1",0.741436194243723
"3","1",0.709103309072698
"4","1",0.803194346106778
"5","1",0.672817607162243
"6","1",0.581030730950028
"7","1",0.730442565507045
"8","1",0.71985217302657
"9","1",0.711350114000968
"10","-1",0.649606765992928
"11","1",0.730442565507045
"12","1",0.739882403122508
"13","1",0.709526090967162
"14","1",0.590333124481879
"15","1",0.730442565507045
"16","1",0.706082671651417
"17","1",0.75342347104133
"18","1",0.730442565507045
"19","1",0.624049790099354
"20","1",0.589953064795937
"21","1",0.785486729115369
"22","1",0.724209595987404
"23","-1",0.649606765992928
"24","1",0.746699969406313
"25","1",0.730442565507045
"26","1",0.706715654711352
"27","-1",0.530435913306267
"28","1",0.730442565507045
"29","1",0.69920727629189
"30","1",0.740102338853305
"31","1",0.702392961551574
"32","1",0.699639862805378
"33","1",0.635487567357692
"34","1",0.637309444830325
"35","1",0.763486339580342
"36","1",0.736873245416969
"37","1",0.624049790099354
