"","SVM_LABEL","SVM_PROB"
"1","1",0.692072798408122
"2","1",0.581030730950028
"3","1",0.691363998866432
"4","1",0.706987950263029
"5","1",0.581030730950028
"6","1",0.581030730950028
