"","SVM_LABEL","SVM_PROB"
"1","1",0.737464634908271
"2","1",0.622566017547949
"3","1",0.609866184274987
"4","1",0.737464634908271
"5","1",0.730442565507045
"6","1",0.730442565507045
"7","1",0.609866184274987
"8","1",0.609866184274987
