"","SVM_LABEL","SVM_PROB"
"1","1",0.748478622776142
"2","1",0.730442565507045
"3","1",0.737026991557281
"4","1",0.581030730950028
"5","1",0.758484982340815
"6","1",0.658358492941711
"7","1",0.739882403122508
"8","1",0.737464634908271
"9","1",0.581030730950028
"10","1",0.736873245416969
"11","1",0.730442565507045
"12","1",0.68424518684417
"13","1",0.682386609529202
"14","1",0.6155317792312
"15","1",0.568394015881296
"16","1",0.581030730950028
"17","1",0.71974823057784
"18","1",0.730442565507045
"19","1",0.730442565507045
"20","1",0.712882155457984
"21","1",0.71974823057784
"22","1",0.581030730950028
"23","1",0.730442565507045
"24","1",0.588210645896013
"25","1",0.581030730950028
"26","1",0.741436194243723
"27","1",0.581030730950028
"28","1",0.725040122571297
"29","1",0.725040122571297
"30","1",0.74565688360619
"31","1",0.730442565507045
"32","1",0.68424518684417
"33","1",0.713548580663896
