"","SVM_LABEL","SVM_PROB"
"1","1",0.744012053931433
"2","1",0.78379439903051
"3","1",0.732645820194993
"4","1",0.646427397235057
"5","1",0.67839834899591
"6","1",0.767104577910517
"7","1",0.589953064795937
"8","1",0.797736823614289
"9","1",0.732645820194993
