"","SVM_LABEL","SVM_PROB"
"1","1",0.778957315423891
"2","1",0.568900282653429
"3","1",0.730442565507045
"4","1",0.635487567357692
"5","1",0.561956247085318
"6","1",0.79675848428705
"7","1",0.730442565507045
"8","1",0.745489554341742
"9","1",0.589953064795937
"10","1",0.79675848428705
"11","-1",0.649606765992928
"12","1",0.589953064795937
"13","1",0.767549063791019
"14","1",0.609866184274987
"15","1",0.767549063791019
"16","1",0.645772863073581
"17","1",0.609309242047117
"18","1",0.609866184274987
"19","1",0.573676235951746
"20","1",0.79675848428705
"21","1",0.717829137694577
"22","1",0.717829137694577
"23","1",0.739847846101514
"24","1",0.730442565507045
