"","SVM_LABEL","SVM_PROB"
"1","-1",0.598725209543525
"2","1",0.77610089268993
"3","1",0.747830067704465
"4","1",0.803194346106778
"5","1",0.581030730950028
"6","-1",0.629770627539987
"7","1",0.696031633027533
"8","1",0.736873245416969
"9","1",0.696031633027533
"10","1",0.760743112961231
"11","1",0.608841200180197
"12","1",0.747830067704465
"13","1",0.776968655759096
"14","1",0.577935338845712
