"","SVM_LABEL","SVM_PROB"
"1","1",0.706987950263029
"2","1",0.734614652925759
"3","1",0.738264311341076
"4","1",0.69920727629189
"5","1",0.611223838270736
"6","1",0.786776925915464
"7","1",0.761481721609086
"8","1",0.697007446784283
"9","1",0.730442565507045
"10","1",0.682380914291238
"11","1",0.730442565507045
"12","1",0.730442565507045
"13","1",0.69920727629189
"14","1",0.706987950263029
"15","1",0.738264311341076
"16","1",0.611223838270736
"17","1",0.786776925915464
"18","1",0.761481721609086
