"","SVM_LABEL","SVM_PROB"
"1","1",0.741436194243723
"2","1",0.713658334455024
"3","1",0.713658334455024
"4","1",0.692273843498316
"5","1",0.757457637554174
"6","1",0.730442565507045
"7","1",0.692105521661368
"8","1",0.730442565507045
"9","1",0.581030730950028
"10","1",0.691502571908862
"11","1",0.730442565507045
"12","1",0.581030730950028
"13","1",0.691502571908862
"14","1",0.674046329949834
"15","1",0.674046329949834
