"","SVM_LABEL","SVM_PROB"
"1","1",0.624995996780483
"2","1",0.775116668410461
