"","SVM_LABEL","SVM_PROB"
"1","1",0.649171556368784
"2","1",0.65310905819829
"3","1",0.733552135239336
"4","1",0.70605461384764
"5","1",0.65310905819829
"6","1",0.733552135239336
"7","1",0.70605461384764
"8","1",0.70605461384764
