"","SVM_LABEL","SVM_PROB"
"1","1",0.590153413255966
"2","1",0.640488424578742
"3","1",0.748329837023855
"4","1",0.748329837023855
"5","1",0.764126537463856
"6","1",0.730442565507045
"7","1",0.727018259098614
"8","1",0.671252954952424
"9","1",0.640488424578742
