"","SVM_LABEL","SVM_PROB"
"1","1",0.522520341617362
"2","1",0.737093656257694
"3","1",0.764971184654565
"4","1",0.539354405959833
"5","1",0.621896494383961
"6","1",0.739882403122508
"7","1",0.589953064795937
"8","1",0.710807142387087
"9","1",0.752475526446142
"10","1",0.694125918959254
"11","1",0.739882403122508
