"","SVM_LABEL","SVM_PROB"
"1","1",0.760271738437523
"2","1",0.697007446784283
"3","1",0.572444833168645
"4","1",0.763804004862882
"5","1",0.635487567357692
