"","SVM_LABEL","SVM_PROB"
"1","1",0.737093656257694
"2","1",0.749572508130227
