"","SVM_LABEL","SVM_PROB"
"1","1",0.746171001987629
"2","1",0.671976701304534
"3","1",0.730442565507045
"4","1",0.656442641482154
"5","1",0.746171001987629
"6","1",0.671976701304534
