"","SVM_LABEL","SVM_PROB"
"1","1",0.774836234816464
"2","1",0.542594979558799
