"","SVM_LABEL","SVM_PROB"
"1","1",0.744018973327026
"2","1",0.709484730507326
"3","1",0.730442565507045
