"","SVM_LABEL","SVM_PROB"
"1","1",0.74962424611609
"2","1",0.724481304427111
"3","1",0.730442565507045
"4","1",0.755401357599667
"5","1",0.702537749879323
"6","1",0.536932936444612
"7","1",0.795252469430418
"8","1",0.730442565507045
"9","1",0.750551309037198
"10","1",0.629646342113604
"11","1",0.650826815880516
"12","1",0.68290254886492
"13","1",0.717197119379002
"14","1",0.567916101322658
"15","1",0.645230222766724
"16","1",0.701605078057226
"17","1",0.753925663752537
