"","SVM_LABEL","SVM_PROB"
"1","1",0.682386609529202
"2","1",0.816014117672713
"3","1",0.69920727629189
"4","1",0.692042968606035
"5","1",0.643229161087384
"6","1",0.657611572839476
"7","1",0.730442565507045
"8","1",0.635487567357692
"9","1",0.695131599133518
"10","1",0.702392961551574
"11","1",0.730195054028469
"12","1",0.741436194243723
"13","1",0.730442565507045
"14","1",0.581030730950028
"15","1",0.581030730950028
"16","1",0.648129033673698
"17","1",0.657611572839476
