"","SVM_LABEL","SVM_PROB"
"1","1",0.748329837023855
"2","1",0.711350114000968
"3","1",0.574763758003867
"4","1",0.734450760910222
"5","1",0.64560175231003
"6","-1",0.540850544665946
"7","1",0.808988240114903
"8","1",0.574763758003867
"9","1",0.605853720476118
