"","SVM_LABEL","SVM_PROB"
"1","1",0.506813164038282
"2","1",0.635487567357692
"3","1",0.635487567357692
"4","1",0.555505780089077
"5","1",0.635487567357692
"6","1",0.635487567357692
"7","1",0.506813164038282
