"","SVM_LABEL","SVM_PROB"
"1","-1",0.536679983677718
"2","1",0.601862644932893
"3","1",0.707949077514547
