"","SVM_LABEL","SVM_PROB"
"1","1",0.582709474572656
"2","1",0.730442565507045
"3","1",0.582709474572656
