"","SVM_LABEL","SVM_PROB"
"1","1",0.706616018917919
"2","1",0.730442565507045
"3","1",0.639404268615646
"4","1",0.581030730950028
