"","SVM_LABEL","SVM_PROB"
"1","-1",0.597125755905995
"2","1",0.770363337656632
"3","1",0.657022232589122
"4","1",0.695348293379355
"5","1",0.74748663669759
"6","1",0.682386609529202
"7","1",0.657022232589122
"8","1",0.609866184274987
"9","1",0.822891268459508
"10","1",0.695348293379355
"11","1",0.763653135379697
"12","1",0.763653135379697
