"","SVM_LABEL","SVM_PROB"
"1","1",0.728300660898202
"2","1",0.540749432790729
"3","1",0.75471580816637
"4","1",0.716260149296732
"5","1",0.79681095729204
"6","1",0.76414420825217
"7","1",0.584391681265833
"8","1",0.74089521507715
"9","1",0.760932472976284
"10","1",0.752667738740524
"11","1",0.743481366519606
"12","1",0.775394676008555
"13","1",0.760760721672247
"14","1",0.780952545199729
"15","1",0.769816043178927
"16","1",0.75997371216288
"17","-1",0.5
"18","1",0.816139852830732
