"","SVM_LABEL","SVM_PROB"
"1","1",0.804560317422176
"2","1",0.769816043178927
"3","1",0.703567280867301
"4","-1",0.5
"5","1",0.769816043178927
"6","1",0.799162762262704
"7","1",0.812929512687731
"8","1",0.803958811465806
"9","1",0.831571536791275
"10","1",0.747427047932405
