"","SVM_LABEL","SVM_PROB"
"1","1",0.769816043178927
"2","1",0.76414420825217
"3","1",0.769816043178927
"4","-1",0.518503424306747
"5","1",0.751249625740363
"6","1",0.769816043178927
"7","1",0.785110848663591
"8","1",0.525089067333653
"9","1",0.739820876620419
"10","1",0.529935450037627
"11","1",0.723298020299115
"12","1",0.796824008293986
"13","1",0.530491119138443
"14","1",0.769816043178927
"15","-1",0.664255183978411
"16","1",0.793055413057406
"17","1",0.736236478949835
"18","1",0.823328480944859
"19","1",0.715993231071581
"20","1",0.772614023712379
"21","1",0.766223676344478
"22","1",0.794590821273738
"23","1",0.743481366519606
"24","1",0.705701042035713
"25","-1",0.507337916469302
"26","1",0.789259497798716
"27","1",0.761515523065664
"28","1",0.781028812963717
"29","1",0.600437667570127
"30","1",0.78896783285824
"31","1",0.787836255135558
"32","1",0.765533621391933
"33","1",0.760760721672247
"34","1",0.557310986861536
"35","1",0.687809152824372
"36","1",0.656615064800564
"37","1",0.772588260307808
"38","1",0.730336061466168
"39","1",0.793474859114977
"40","1",0.693941580523856
"41","1",0.799397076806808
"42","1",0.743481366519606
"43","1",0.728727279397664
"44","1",0.745615343808931
"45","1",0.711739227377654
"46","1",0.712447798818442
"47","1",0.660866807601644
"48","1",0.775508503991871
"49","1",0.79681095729204
"50","1",0.769816043178927
"51","1",0.768286679682741
"52","1",0.808780305932879
"53","1",0.743481366519606
"54","1",0.602906579103495
"55","1",0.743481366519606
"56","1",0.770246367190056
"57","1",0.76050279345587
"58","1",0.743481366519606
"59","1",0.641396343030286
"60","1",0.746726023765312
"61","1",0.829885057615912
"62","1",0.68295882746474
"63","1",0.743481366519606
"64","1",0.773858804545947
"65","1",0.769816043178927
"66","1",0.727950003158129
"67","1",0.761809035818179
"68","1",0.784864959217689
"69","1",0.844466713056662
"70","1",0.63514697933182
"71","1",0.771798873794061
"72","1",0.743481366519606
"73","1",0.777046129042978
"74","1",0.78896783285824
"75","1",0.792785465966614
"76","1",0.510619479016552
"77","1",0.727950003158129
"78","1",0.761809035818179
"79","1",0.784864959217689
"80","1",0.844466713056662
"81","1",0.768286679682741
"82","1",0.743481366519606
"83","1",0.777046129042978
"84","1",0.78896783285824
"85","1",0.510619479016552
"86","1",0.723298020299115
"87","1",0.799397076806808
"88","1",0.788253508372718
"89","1",0.743481366519606
