"","SVM_LABEL","SVM_PROB"
"1","1",0.781028812963717
"2","1",0.785839025631834
"3","1",0.786312956277237
"4","1",0.769816043178927
"5","1",0.706415275732536
"6","1",0.795644915585432
"7","1",0.816742228614483
"8","1",0.769816043178927
"9","-1",0.507337916469302
"10","1",0.79681095729204
"11","1",0.730336061466168
"12","1",0.710144095818254
"13","1",0.769816043178927
"14","1",0.79681095729204
"15","1",0.777016357082673
