"","SVM_LABEL","SVM_PROB"
"1","1",0.794893835880904
"2","1",0.769816043178927
"3","1",0.764856789376315
"4","-1",0.507337916469302
"5","1",0.773569298483654
"6","1",0.714195335663887
"7","-1",0.555811881185345
"8","1",0.788533882606357
"9","1",0.583648373141892
"10","1",0.806613084815617
"11","1",0.648921854344755
"12","1",0.817595315273722
"13","1",0.765392670095242
"14","-1",0.552518261722715
"15","1",0.810143095061062
"16","1",0.743481366519606
"17","1",0.637670800658385
"18","1",0.823328480944859
