"","SVM_LABEL","SVM_PROB"
"1","1",0.743481366519606
"2","1",0.826073339829713
"3","1",0.796824008293986
"4","1",0.863259152722649
"5","1",0.628208232703084
"6","1",0.747363078009266
"7","-1",0.539619064940129
"8","1",0.799096030487841
"9","1",0.769816043178927
"10","1",0.730336061466168
"11","1",0.730336061466168
