"","SVM_LABEL","SVM_PROB"
"1","-1",0.570480863238221
"2","1",0.725748606323001
"3","-1",0.64508100140529
"4","-1",0.688366664927447
"5","1",0.744422702662735
"6","1",0.77829954378635
"7","1",0.772234005863051
"8","1",0.685804004912255
"9","-1",0.649588412567587
"10","1",0.685804004912255
"11","1",0.761352691868684
"12","1",0.769816043178927
"13","1",0.769816043178927
"14","1",0.717101559612069
"15","1",0.717101559612069
