"","SVM_LABEL","SVM_PROB"
"1","1",0.715115935465788
"2","1",0.747057188174176
"3","1",0.581030730950028
"4","1",0.716031045225563
"5","1",0.706987950263029
"6","1",0.609866184274987
"7","1",0.774803993664553
"8","1",0.734614652925759
"9","1",0.581030730950028
"10","1",0.730442565507045
"11","1",0.571210865773544
"12","-1",0.726614131894179
"13","1",0.581030730950028
"14","1",0.746380599331085
"15","1",0.701359089220675
"16","1",0.607237945526708
"17","1",0.571210865773544
"18","1",0.730442565507045
"19","1",0.72699282874963
"20","1",0.746380599331085
"21","1",0.614010721370124
"22","-1",0.700175481142918
"23","1",0.728266187632146
"24","1",0.654496537613816
"25","1",0.581030730950028
"26","1",0.745051042881201
"27","1",0.607237945526708
"28","1",0.730442565507045
"29","1",0.716031045225563
