"","SVM_LABEL","SVM_PROB"
"1","1",0.729392705057113
"2","-1",0.597125755905995
"3","1",0.746166526548686
