"","SVM_LABEL","SVM_PROB"
"1","1",0.635352080155473
"2","1",0.645454358956984
