"","SVM_LABEL","SVM_PROB"
"1","1",0.70969320360178
"2","1",0.741436194243723
"3","1",0.671976701304534
"4","1",0.698976613940831
"5","1",0.57118628598415
"6","1",0.765079656529798
"7","1",0.659396033311084
"8","-1",0.649606765992928
"9","1",0.748478622776142
"10","1",0.728220069630399
"11","1",0.730442565507045
"12","1",0.730920566634802
"13","-1",0.649606765992928
"14","1",0.730920566634802
"15","1",0.584960587952761
