"","SVM_LABEL","SVM_PROB"
"1","1",0.787121212133846
"2","-1",0.662292108677744
