"","SVM_LABEL","SVM_PROB"
"1","1",0.748300910245317
"2","1",0.783017748663354
