"","SVM_LABEL","SVM_PROB"
"1","1",0.614010721370124
"2","1",0.664010133294923
"3","1",0.664010133294923
"4","1",0.614010721370124
"5","1",0.750805373516431
"6","1",0.760601315080417
"7","1",0.664010133294923
