"","SVM_LABEL","SVM_PROB"
"1","1",0.721561513638102
"2","1",0.626045640191418
"3","1",0.753428529120729
"4","1",0.774803993664553
"5","1",0.706616018917919
"6","1",0.730442565507045
"7","1",0.732348084300479
"8","1",0.73364005021748
"9","1",0.69870870867909
"10","1",0.730442565507045
"11","1",0.734549269249329
"12","1",0.633023186107332
"13","-1",0.598424506882001
"14","-1",0.598424506882001
"15","1",0.734620592071827
"16","1",0.730442565507045
"17","1",0.740780137129854
"18","1",0.581030730950028
"19","1",0.730442565507045
"20","1",0.702392961551574
"21","1",0.730442565507045
"22","1",0.796764794282968
"23","1",0.581030730950028
"24","1",0.706987950263029
"25","-1",0.649606765992928
"26","-1",0.645219055217995
"27","-1",0.649606765992928
"28","-1",0.649606765992928
"29","1",0.769492863321638
"30","1",0.706040277597041
"31","1",0.690123070070001
"32","1",0.730442565507045
"33","1",0.760912179351368
"34","-1",0.598424506882001
"35","-1",0.598424506882001
"36","1",0.734620592071827
"37","1",0.799103354982099
"38","1",0.725289312046646
"39","1",0.780795095438484
"40","1",0.730442565507045
"41","1",0.730442565507045
"42","1",0.581030730950028
"43","-1",0.645219055217995
"44","1",0.711350114000968
"45","1",0.730442565507045
"46","1",0.690123070070001
"47","1",0.645226392561244
"48","1",0.730442565507045
"49","1",0.730442565507045
"50","1",0.774803993664553
