"","SVM_LABEL","SVM_PROB"
"1","1",0.694125918959254
"2","1",0.581030730950028
"3","1",0.760601315080417
"4","1",0.722579892675456
"5","1",0.811352403748268
"6","1",0.700068159679063
"7","1",0.559482176017953
"8","1",0.559482176017953
"9","1",0.75046712221406
"10","1",0.66273747548515
"11","1",0.730442565507045
"12","1",0.760601315080417
"13","1",0.760615981284741
"14","1",0.748329837023855
"15","1",0.763666602958643
"16","1",0.70388333041916
"17","1",0.581030730950028
