"","SVM_LABEL","SVM_PROB"
"1","1",0.730442565507045
"2","1",0.690790024470032
"3","1",0.716286493541678
"4","1",0.745816153854992
