"","SVM_LABEL","SVM_PROB"
"1","1",0.715407927729842
"2","1",0.733295004727738
"3","1",0.620800378598334
"4","1",0.757855548465042
"5","1",0.596957309688328
"6","1",0.770313561095448
"7","1",0.730442565507045
"8","1",0.730442565507045
"9","1",0.750062197181762
"10","1",0.730442565507045
"11","1",0.706616018917919
"12","1",0.765672105469704
"13","1",0.755033869327717
"14","1",0.609866184274987
"15","1",0.743792910754896
"16","1",0.629428278171151
"17","1",0.581030730950028
"18","1",0.679936892066048
"19","1",0.738869486748253
"20","1",0.718143033855407
"21","1",0.778582908204739
"22","1",0.581030730950028
"23","1",0.701359089220675
"24","1",0.730442565507045
"25","1",0.686965771121092
"26","1",0.736390643701476
"27","1",0.730442565507045
"28","1",0.730442565507045
"29","1",0.730233208058485
"30","1",0.586369045534758
"31","1",0.679188829727191
"32","1",0.748300910245317
"33","1",0.671976701304534
"34","1",0.727892748279524
"35","1",0.718143033855407
"36","1",0.686002921239424
"37","1",0.703426671322546
"38","1",0.730811091782681
"39","-1",0.629770627539987
"40","1",0.739008813292865
"41","1",0.736390643701476
"42","1",0.739008813292865
"43","1",0.614010721370124
"44","1",0.653208509365852
"45","1",0.629428278171151
"46","-1",0.629770627539987
"47","1",0.692072798408122
"48","1",0.581030730950028
"49","1",0.583454001042069
"50","1",0.581030730950028
"51","1",0.665016995354398
"52","1",0.730811091782681
"53","1",0.730233208058485
"54","1",0.555505780089077
"55","1",0.713035703120802
"56","1",0.778740441091412
"57","1",0.718143033855407
"58","-1",0.645219055217995
