"","SVM_LABEL","SVM_PROB"
"1","1",0.755074578506691
"2","1",0.626127970902974
"3","1",0.712334577321434
"4","1",0.665016995354398
"5","1",0.679853457761048
"6","1",0.691790507105682
"7","1",0.685058857067905
"8","1",0.734544856432421
"9","1",0.719053145404455
"10","1",0.65310905819829
"11","1",0.733295004727738
"12","1",0.751897518186652
"13","1",0.751665877036255
"14","1",0.609866184274987
