"","SVM_LABEL","SVM_PROB"
"1","1",0.795213770742015
"2","1",0.728581029114174
"3","1",0.581030730950028
"4","1",0.736873245416969
"5","1",0.734050294884913
"6","-1",0.645219055217995
"7","1",0.730442565507045
