"","SVM_LABEL","SVM_PROB"
"1","1",0.727892748279524
"2","1",0.772932881070513
"3","1",0.772134701572886
"4","1",0.65847160216463
"5","1",0.772932881070513
"6","1",0.65847160216463
"7","1",0.772134701572886
