"","SVM_LABEL","SVM_PROB"
"1","1",0.706987950263029
"2","1",0.760601315080417
"3","1",0.760601315080417
"4","1",0.730442565507045
"5","1",0.730442565507045
"6","1",0.774803993664553
"7","1",0.702392961551574
"8","1",0.697369956412191
"9","1",0.774803993664553
"10","1",0.774803993664553
"11","1",0.760601315080417
