"","SVM_LABEL","SVM_PROB"
"1","1",0.730442565507045
"2","1",0.753648638503849
"3","1",0.730442565507045
"4","1",0.581030730950028
"5","1",0.713366549172965
"6","1",0.581030730950028
"7","1",0.625851091492443
"8","1",0.730442565507045
"9","1",0.69920727629189
"10","1",0.73981582728618
"11","1",0.750870953996379
