"","SVM_LABEL","SVM_PROB"
"1","1",0.754748970214831
"2","1",0.748300910245317
"3","1",0.621896494383961
"4","1",0.692072798408122
"5","1",0.729516689491351
"6","1",0.606465803590271
"7","1",0.820164542009598
"8","1",0.664016168016506
"9","1",0.757276397706032
"10","1",0.609866184274987
"11","1",0.730442565507045
"12","1",0.581030730950028
"13","1",0.730442565507045
"14","1",0.730442565507045
"15","1",0.774587222834586
"16","1",0.737456371028777
"17","1",0.68549949422449
"18","1",0.620800378598334
"19","1",0.60406834152946
"20","1",0.730442565507045
"21","1",0.742497617296079
"22","1",0.640488424578742
"23","1",0.730442565507045
"24","1",0.693075552487391
"25","1",0.757276397706032
"26","1",0.621896494383961
"27","1",0.664215777890847
"28","1",0.723037454356283
"29","1",0.774803993664553
"30","1",0.691436657493259
"31","-1",0.575585566327572
"32","1",0.730442565507045
"33","1",0.730442565507045
"34","1",0.745230341563333
"35","1",0.722292502230121
"36","1",0.74292851673251
"37","1",0.741436194243723
"38","1",0.55081170001494
"39","1",0.758996730862959
"40","1",0.733378739328471
"41","1",0.730442565507045
"42","1",0.743792910754896
"43","1",0.572444833168645
"44","1",0.6659455177796
"45","1",0.749439415986811
"46","1",0.621896494383961
"47","1",0.513651221189004
"48","1",0.622095214015352
"49","1",0.589953064795937
"50","1",0.780691855446063
"51","1",0.736128206455559
"52","1",0.600877401908847
"53","1",0.728238184561133
"54","1",0.746700552470544
"55","1",0.730442565507045
"56","1",0.747381810725853
"57","1",0.730442565507045
"58","1",0.531838346700677
"59","1",0.748440182792487
"60","1",0.634172003551195
"61","1",0.738942073396936
"62","1",0.723044728814616
"63","1",0.53627946090492
"64","1",0.635487567357692
"65","1",0.581030730950028
"66","1",0.697007446784283
"67","1",0.568550252509721
"68","1",0.589953064795937
"69","1",0.721411404309968
"70","1",0.697383318062342
"71","-1",0.540798899455483
"72","1",0.635487567357692
"73","-1",0.629770627539987
"74","1",0.732348084300479
"75","1",0.730442565507045
"76","1",0.624532902525646
"77","1",0.64432152568432
"78","1",0.543256240619003
"79","1",0.736128206455559
"80","1",0.711310442183267
"81","1",0.730442565507045
"82","-1",0.629770627539987
"83","1",0.736128206455559
"84","1",0.609866184274987
"85","1",0.730442565507045
"86","1",0.638924318256137
"87","1",0.679188829727191
"88","1",0.747452159299329
"89","1",0.757798961146472
"90","1",0.742926706912234
"91","1",0.694125918959254
"92","1",0.706616018917919
