"","SVM_LABEL","SVM_PROB"
"1","1",0.806000022649389
"2","1",0.74565688360619
"3","1",0.730442565507045
