"","SVM_LABEL","SVM_PROB"
"1","1",0.730442565507045
"2","1",0.581030730950028
"3","1",0.769427528877269
"4","1",0.759176608676443
"5","1",0.760604675698771
"6","1",0.538977073645823
"7","1",0.723507913395887
"8","1",0.718562201438275
"9","1",0.730442565507045
"10","1",0.702392961551574
"11","1",0.717603088142565
"12","1",0.709484730507326
"13","1",0.730442565507045
"14","1",0.748329837023855
"15","1",0.760601315080417
"16","1",0.511434466157736
"17","1",0.614010721370124
"18","1",0.581030730950028
"19","1",0.560379514753913
"20","1",0.747830067704465
"21","1",0.730442565507045
"22","1",0.677580358802429
"23","1",0.572444833168645
"24","1",0.774553433835506
"25","1",0.78369090334219
"26","1",0.782424572256051
"27","1",0.698975626476791
"28","1",0.581030730950028
"29","1",0.721699883381613
"30","-1",0.649606765992928
"31","1",0.589953064795937
"32","1",0.581030730950028
"33","-1",0.610412310585291
"34","1",0.71985217302657
"35","1",0.743792910754896
"36","1",0.743792910754896
"37","-1",0.649606765992928
"38","1",0.710807142387087
"39","1",0.774803993664553
"40","1",0.760601315080417
"41","-1",0.629770627539987
"42","1",0.757424039584763
"43","-1",0.645219055217995
"44","1",0.702392961551574
"45","1",0.730442565507045
