"","SVM_LABEL","SVM_PROB"
"1","1",0.706987950263029
"2","1",0.722254400229232
"3","1",0.581030730950028
"4","1",0.531851296424014
"5","1",0.581030730950028
