"","SVM_LABEL","SVM_PROB"
"1","1",0.730442565507045
"2","1",0.73801263274824
"3","1",0.694125918959254
"4","1",0.671976701304534
"5","1",0.734979552719008
"6","1",0.604165537969548
"7","1",0.604475236345596
"8","1",0.723665166693241
"9","1",0.694125918959254
"10","1",0.625871985837313
"11","1",0.742926706912234
"12","-1",0.604529667812968
"13","1",0.682380914291238
"14","1",0.682380914291238
"15","1",0.701605078057226
"16","1",0.660526437813837
"17","1",0.774803993664553
