"","SVM_LABEL","SVM_PROB"
"1","1",0.733129577039953
"2","1",0.609866184274987
"3","1",0.725004268787019
"4","1",0.662424914847945
"5","1",0.743746142424126
"6","1",0.751205572082897
"7","-1",0.649606765992928
"8","1",0.739137317430785
"9","1",0.761056315740737
"10","1",0.745816153854992
"11","1",0.58938607722863
"12","1",0.730442565507045
"13","1",0.682386609529202
"14","1",0.657240332146437
"15","1",0.730442565507045
"16","1",0.774803993664553
"17","1",0.710838631153728
"18","-1",0.649606765992928
"19","1",0.682386609529202
"20","1",0.730442565507045
"21","1",0.69920727629189
"22","1",0.720120998696297
"23","1",0.662424914847945
"24","1",0.743746142424126
"25","1",0.710838631153728
"26","-1",0.649606765992928
"27","1",0.710838631153728
"28","1",0.733129577039953
"29","1",0.694125918959254
"30","1",0.745816153854992
"31","1",0.743746142424126
