"","SVM_LABEL","SVM_PROB"
"1","1",0.702392961551574
"2","1",0.758043084795198
"3","1",0.706616018917919
"4","-1",0.649606765992928
"5","1",0.760942196354451
"6","1",0.774803993664553
"7","1",0.74748663669759
"8","1",0.706987950263029
"9","1",0.609866184274987
