"","SVM_LABEL","SVM_PROB"
"1","1",0.730442565507045
"2","-1",0.554391076553206
"3","1",0.706616018917919
"4","1",0.752893578650604
