"","SVM_LABEL","SVM_PROB"
"1","1",0.730811091782681
"2","1",0.730442565507045
"3","1",0.596946114320756
"4","1",0.698975626476791
"5","1",0.713637806492575
"6","1",0.671976701304534
"7","1",0.606594681242255
"8","1",0.730442565507045
"9","1",0.587992349886062
