"","SVM_LABEL","SVM_PROB"
"1","1",0.730442565507045
"2","1",0.733552135239336
"3","1",0.781149106492054
"4","1",0.674909347437093
"5","1",0.713271185147703
"6","1",0.78618455671303
"7","1",0.730442565507045
"8","1",0.74565688360619
