"","SVM_LABEL","SVM_PROB"
"1","1",0.62900840971949
"2","1",0.677183895231238
"3","1",0.697374557326737
"4","1",0.694125918959254
"5","1",0.727599407315093
