"","SVM_LABEL","SVM_PROB"
"1","1",0.755936520830971
"2","1",0.759864600123987
"3","1",0.640332743035466
"4","1",0.621824371029817
"5","1",0.822354558463728
"6","-1",0.5
"7","1",0.596398415833468
"8","1",0.770723879007237
"9","1",0.730336061466168
"10","1",0.756402627794007
"11","1",0.759312055970726
"12","1",0.767561356608387
"13","1",0.782164000811795
"14","1",0.769816043178927
"15","1",0.769816043178927
"16","1",0.825551637341183
"17","1",0.83865566632463
"18","1",0.818858578641858
"19","1",0.798830116604525
"20","1",0.864103032604834
"21","1",0.741862308077136
"22","1",0.769816043178927
"23","1",0.77149765286762
"24","1",0.575051927984493
"25","1",0.606756021467268
"26","1",0.775165153458783
"27","1",0.809254399949107
"28","1",0.760788678391845
"29","1",0.814282964674676
"30","1",0.830738815914566
"31","1",0.745824299854476
"32","1",0.745327005259213
"33","1",0.782470285000255
"34","1",0.769816043178927
"35","1",0.79681095729204
"36","1",0.758701954430932
"37","1",0.762204360603947
"38","1",0.769198783673942
"39","-1",0.518924392706919
"40","1",0.769816043178927
"41","1",0.587686500894072
"42","1",0.810343500080616
"43","1",0.796824008293986
"44","1",0.631317459271313
"45","1",0.760509577401469
"46","1",0.741862308077136
"47","1",0.769816043178927
"48","1",0.76397047963614
