"","SVM_LABEL","SVM_PROB"
"1","1",0.677659207408553
"2","1",0.73316943993206
"3","1",0.747753523969906
"4","1",0.811130247117404
"5","1",0.739514981279659
"6","1",0.696777739344636
"7","1",0.67395543980895
"8","1",0.545095726183388
"9","1",0.735900644040365
"10","1",0.712447798818442
"11","1",0.805005375168496
"12","1",0.786282855392415
