"","SVM_LABEL","SVM_PROB"
"1","1",0.796813947809015
"2","1",0.743481366519606
"3","1",0.667870865644342
"4","1",0.753399377833421
"5","1",0.811042172136404
"6","1",0.8004345732335
"7","1",0.572134491083008
"8","1",0.710144095818254
"9","1",0.769816043178927
"10","1",0.794807298062786
"11","1",0.71409770197237
"12","1",0.761335271289202
"13","1",0.824424864984767
"14","1",0.769816043178927
"15","1",0.739514981279659
"16","1",0.743481366519606
"17","1",0.743481366519606
"18","1",0.774779452928239
"19","1",0.79681095729204
"20","1",0.770835549920421
"21","1",0.725860136633131
"22","1",0.79681095729204
"23","1",0.716566040853902
"24","1",0.779007068664726
"25","1",0.716566040853902
"26","1",0.769816043178927
"27","1",0.767806438336063
"28","1",0.603505566201362
"29","1",0.743481366519606
"30","1",0.783616274086526
"31","1",0.70503601740878
"32","1",0.753399377833421
"33","1",0.811042172136404
"34","1",0.8004345732335
"35","1",0.743481366519606
"36","1",0.572134491083008
"37","1",0.769816043178927
"38","1",0.796813947809015
"39","1",0.769816043178927
"40","1",0.790635971026898
"41","1",0.713162216798892
"42","1",0.743481366519606
"43","1",0.703008510446952
"44","1",0.769816043178927
"45","1",0.695593124523982
