"","SVM_LABEL","SVM_PROB"
"1","1",0.797785486432983
"2","1",0.692906157877248
"3","1",0.70862866600171
"4","1",0.794986000071337
"5","1",0.771798873794061
"6","1",0.715591553297323
"7","1",0.611826028446
"8","1",0.734180922174858
"9","1",0.779106029251776
"10","1",0.749154881927997
"11","1",0.623951812235356
"12","1",0.704606872036053
"13","-1",0.518503424306747
"14","1",0.699114304154577
"15","1",0.80594594908908
"16","1",0.713162216798892
"17","1",0.743481366519606
"18","1",0.755841446913585
