"","SVM_LABEL","SVM_PROB"
"1","1",0.769816043178927
"2","1",0.769816043178927
"3","1",0.769816043178927
"4","1",0.769816043178927
"5","1",0.769816043178927
"6","1",0.815995575892729
"7","1",0.769816043178927
"8","1",0.769816043178927
"9","1",0.785110848663591
"10","1",0.668519622302921
"11","1",0.769816043178927
"12","1",0.769816043178927
"13","1",0.68361481687462
"14","1",0.748601762314284
"15","1",0.703760093670653
"16","1",0.741520912864495
"17","1",0.769816043178927
"18","1",0.769816043178927
"19","1",0.752869482771552
"20","1",0.744422702662735
"21","1",0.72629808281216
"22","1",0.712447798818442
"23","1",0.793885678466771
"24","1",0.793885678466771
"25","1",0.769816043178927
"26","1",0.769816043178927
"27","1",0.769816043178927
"28","1",0.808815521206644
"29","1",0.785110848663591
"30","1",0.553005455689394
"31","1",0.624766057970302
"32","1",0.699025048520083
"33","1",0.769816043178927
"34","1",0.53262154757021
"35","1",0.776847585822246
"36","1",0.607731398691485
"37","1",0.769816043178927
