"","SVM_LABEL","SVM_PROB"
"1","1",0.591587325974796
"2","1",0.769816043178927
"3","1",0.782931409310088
"4","1",0.79681095729204
"5","1",0.769816043178927
"6","1",0.779421140944132
"7","1",0.789264154574352
"8","1",0.692096564921238
"9","1",0.769816043178927
"10","1",0.769816043178927
"11","1",0.683383115660385
"12","1",0.749283451075415
"13","1",0.618488680629633
"14","1",0.690919178425235
"15","-1",0.552518261722715
"16","1",0.769816043178927
