"","SVM_LABEL","SVM_PROB"
"1","1",0.814112588556894
"2","1",0.645787733049606
"3","1",0.682180840974389
"4","1",0.76157947471281
"5","1",0.827518057622356
"6","1",0.784407140915967
"7","1",0.702338574484285
"8","-1",0.584185856013302
"9","-1",0.584185856013302
"10","1",0.607731398691485
"11","1",0.607731398691485
"12","1",0.730336061466168
"13","1",0.810925503463025
"14","1",0.753873615125635
"15","1",0.785839025631834
"16","1",0.802276863229702
"17","1",0.772917040516373
"18","1",0.58691163709489
"19","1",0.575990145601537
"20","1",0.730336061466168
"21","1",0.753378332172373
