"","SVM_LABEL","SVM_PROB"
"1","1",0.703754706757082
"2","1",0.795931221577068
"3","1",0.769816043178927
"4","1",0.785110848663591
"5","1",0.598857444312824
"6","1",0.598857444312824
