"","SVM_LABEL","SVM_PROB"
"1","1",0.739514981279659
"2","1",0.697658988695407
