"","SVM_LABEL","SVM_PROB"
"1","1",0.609866184274987
"2","1",0.63574370881627
