"","SVM_LABEL","SVM_PROB"
"1","1",0.716139312407483
"2","1",0.732348084300479
"3","1",0.732348084300479
"4","1",0.671490646961491
"5","1",0.733988913900395
