"","SVM_LABEL","SVM_PROB"
"1","1",0.699290683570387
"2","1",0.675017431301656
"3","1",0.54295596142567
"4","1",0.794834314449213
"5","1",0.741635363491904
"6","1",0.699290683570387
