"","SVM_LABEL","SVM_PROB"
"1","1",0.581030730950028
"2","1",0.739900883000348
"3","1",0.734778208403718
