"","SVM_LABEL","SVM_PROB"
"1","1",0.581030730950028
"2","1",0.565664474012068
"3","1",0.768971857735005
"4","1",0.715307330187416
