"","SVM_LABEL","SVM_PROB"
"1","1",0.730442565507045
"2","1",0.581030730950028
"3","1",0.730442565507045
"4","1",0.649306660560144
"5","1",0.581030730950028
"6","-1",0.582859466542386
"7","1",0.671951316926182
"8","1",0.754589070027318
"9","1",0.739235194694819
"10","1",0.581030730950028
"11","1",0.671951316926182
"12","1",0.706987950263029
"13","1",0.75102914052929
