"","SVM_LABEL","SVM_PROB"
"1","1",0.669355597149254
"2","1",0.625989905111818
"3","1",0.69154023880607
"4","1",0.65898726529056
"5","1",0.625989905111818
"6","1",0.660578727303461
"7","1",0.669355597149254
