"","SVM_LABEL","SVM_PROB"
"1","1",0.676139795521407
"2","1",0.635487567357692
"3","1",0.730442565507045
"4","1",0.635487567357692
"5","1",0.730442565507045
