"","SVM_LABEL","SVM_PROB"
"1","1",0.654620731991349
"2","1",0.702392961551574
"3","1",0.766202337121715
"4","1",0.748329837023855
"5","1",0.682548104613361
