"","SVM_LABEL","SVM_PROB"
"1","1",0.816414805186154
"2","1",0.816414805186154
"3","1",0.780535510124317
"4","1",0.65310905819829
"5","1",0.690123070070001
"6","1",0.816414805186154
