"","SVM_LABEL","SVM_PROB"
"1","1",0.723713898691965
"2","1",0.65324052322932
"3","1",0.727950003158129
