"","SVM_LABEL","SVM_PROB"
"1","1",0.815484284285778
"2","1",0.640861444843027
"3","1",0.77310296734868
"4","1",0.730442565507045
"5","1",0.66273747548515
"6","1",0.756788876698668
"7","1",0.54295596142567
"8","1",0.75791918591206
"9","1",0.635487567357692
"10","1",0.617074826034251
"11","1",0.61517433507308
"12","1",0.589892579409041
"13","1",0.653077810456339
"14","1",0.743792910754896
"15","1",0.768022554354363
"16","1",0.638924318256137
"17","1",0.646147624785942
"18","1",0.730442565507045
"19","1",0.730442565507045
"20","1",0.581030730950028
"21","1",0.768160298348904
"22","1",0.74748663669759
"23","1",0.77285436036088
"24","1",0.765264317823477
"25","1",0.789216606356855
"26","1",0.730442565507045
"27","1",0.580300750314695
"28","1",0.777921152446458
"29","1",0.635487567357692
"30","1",0.635487567357692
"31","1",0.77310296734868
