"","SVM_LABEL","SVM_PROB"
"1","1",0.745860956446411
"2","1",0.635487567357692
"3","1",0.54295596142567
"4","1",0.635487567357692
