"","SVM_LABEL","SVM_PROB"
"1","1",0.746166526548686
"2","1",0.735279072142015
"3","1",0.730442565507045
"4","1",0.730442565507045
"5","1",0.746748956079325
"6","1",0.749439699683383
"7","1",0.717460345429793
"8","1",0.757276397706032
"9","1",0.734778208403718
"10","1",0.531157248547993
"11","1",0.59502384915868
"12","1",0.581030730950028
"13","1",0.734778208403718
