"","SVM_LABEL","SVM_PROB"
"1","1",0.581030730950028
"2","1",0.581030730950028
