"","SVM_LABEL","SVM_PROB"
"1","1",0.718173152773595
"2","1",0.737236155371789
"3","1",0.793699148087774
"4","1",0.725815023962284
"5","1",0.712273357412484
"6","1",0.587168526434542
"7","1",0.725815023962284
"8","-1",0.531813023312065
"9","-1",0.531813023312065
"10","1",0.706987950263029
"11","1",0.706987950263029
"12","1",0.748425820751742
"13","1",0.706987950263029
"14","1",0.581030730950028
"15","1",0.717881294750617
"16","1",0.730442565507045
"17","1",0.808240607910958
