"","SVM_LABEL","SVM_PROB"
"1","1",0.67954695144288
"2","1",0.671976701304534
