"","SVM_LABEL","SVM_PROB"
"1","1",0.760601315080417
"2","1",0.692105521661368
"3","1",0.645903711608509
"4","1",0.730811091782681
"5","1",0.733275235109445
"6","1",0.711339326200809
