"","SVM_LABEL","SVM_PROB"
"1","-1",0.51744960087003
"2","1",0.682204531483689
"3","1",0.797031371570696
