"","SVM_LABEL","SVM_PROB"
"1","1",0.743590729490503
"2","1",0.692471663835949
