"","SVM_LABEL","SVM_PROB"
"1","1",0.627226307324375
"2","1",0.572444833168645
