"","SVM_LABEL","SVM_PROB"
"1","1",0.744720118815785
"2","1",0.748329837023855
"3","1",0.609866184274987
"4","1",0.581030730950028
"5","1",0.763573395354754
"6","1",0.703672658382435
"7","1",0.731288680658947
"8","1",0.609866184274987
"9","1",0.618140008052601
"10","1",0.513651221189004
"11","1",0.733559235618858
