"","SVM_LABEL","SVM_PROB"
"1","1",0.730442565507045
"2","1",0.730923429298714
"3","1",0.761899516574412
"4","1",0.760604675698771
"5","1",0.674676667978425
"6","1",0.730442565507045
"7","1",0.761899516574412
"8","1",0.713519337902195
"9","1",0.730442565507045
"10","1",0.760604675698771
"11","1",0.730442565507045
