"","SVM_LABEL","SVM_PROB"
"1","1",0.609866184274987
"2","1",0.753925663752537
"3","1",0.609866184274987
