"","SVM_LABEL","SVM_PROB"
"1","1",0.626048582274866
"2","1",0.748300910245317
"3","1",0.711951116584449
"4","1",0.817693519419857
"5","1",0.635487567357692
"6","1",0.581030730950028
"7","1",0.581030730950028
