"","SVM_LABEL","SVM_PROB"
"1","1",0.763227710524551
"2","1",0.710260529867698
"3","1",0.760601315080417
"4","1",0.69920727629189
"5","1",0.733275235109445
"6","1",0.760601315080417
"7","1",0.660624421638121
"8","1",0.730442565507045
"9","1",0.748300910245317
"10","1",0.744539979444527
"11","1",0.760601315080417
"12","1",0.730442565507045
"13","1",0.730442565507045
