"","SVM_LABEL","SVM_PROB"
"1","1",0.749860522568764
"2","1",0.705703020620826
