"","SVM_LABEL","SVM_PROB"
"1","1",0.757276397706032
"2","1",0.748300910245317
"3","1",0.784121595042905
"4","1",0.740387161163186
"5","1",0.581030730950028
"6","1",0.730442565507045
