"","SVM_LABEL","SVM_PROB"
"1","1",0.769816043178927
"2","1",0.785864889636771
"3","1",0.784407140915967
"4","1",0.748975454895223
"5","1",0.793781305676658
"6","1",0.682161969608327
"7","1",0.785839025631834
"8","1",0.743481366519606
"9","1",0.769816043178927
"10","1",0.819629868563381
"11","1",0.785864889636771
"12","1",0.682161969608327
"13","1",0.764836948043716
"14","1",0.703619567180053
"15","1",0.702502750677511
"16","1",0.825974880488784
"17","1",0.655972019736649
"18","1",0.744422702662735
"19","1",0.702502750677511
"20","1",0.79158965793555
"21","1",0.807046165120559
"22","1",0.712347325760904
"23","1",0.804004168749647
"24","1",0.737725663104245
"25","1",0.74519198419204
"26","1",0.769816043178927
"27","1",0.655972019736649
"28","1",0.77265343428751
"29","1",0.769816043178927
"30","1",0.699114304154577
"31","1",0.769816043178927
"32","1",0.702244901261357
"33","1",0.655972019736649
"34","1",0.744422702662735
"35","1",0.702502750677511
"36","1",0.79158965793555
"37","1",0.807046165120559
"38","1",0.712347325760904
"39","1",0.804004168749647
"40","1",0.737725663104245
"41","1",0.74519198419204
