"","SVM_LABEL","SVM_PROB"
"1","1",0.646543025871213
"2","1",0.769816043178927
"3","1",0.651676048680311
"4","1",0.774166455628099
"5","1",0.779692945852222
"6","1",0.769816043178927
"7","1",0.769816043178927
"8","1",0.769816043178927
"9","1",0.776958493794173
"10","1",0.743481366519606
