"","SVM_LABEL","SVM_PROB"
"1","1",0.73836635796524
"2","1",0.754720540737478
"3","1",0.638434465728893
"4","1",0.749731607538708
"5","-1",0.5
"6","1",0.637171887619125
"7","1",0.785839025631834
"8","1",0.769816043178927
"9","1",0.71963903878649
"10","1",0.67449981969154
"11","1",0.776480860600083
"12","1",0.830554494218961
"13","1",0.73254489767262
"14","1",0.798623281802613
"15","1",0.68490787481738
"16","-1",0.510114634960792
"17","1",0.769816043178927
"18","1",0.771349631534261
"19","1",0.72888442396873
"20","1",0.729997465698077
"21","1",0.769816043178927
"22","1",0.668623856733187
"23","1",0.809889928562948
"24","1",0.731203451469927
"25","1",0.796824008293986
"26","1",0.701259620073169
"27","-1",0.539619064940129
"28","1",0.769816043178927
"29","1",0.748601762314284
"30","1",0.677148439510238
"31","1",0.697751060976514
"32","1",0.743481366519606
"33","1",0.793888061892949
"34","1",0.673998355946724
"35","1",0.769816043178927
"36","1",0.730656434415192
"37","1",0.783616274086526
"38","1",0.813543354414506
"39","1",0.80828679553846
"40","1",0.756402627794007
"41","1",0.68490787481738
"42","1",0.76857980084742
"43","1",0.769816043178927
"44","1",0.774166455628099
"45","1",0.769816043178927
"46","1",0.784975517700569
"47","1",0.58363283690419
"48","1",0.619017136465525
"49","1",0.715880819254172
"50","1",0.78217070783357
"51","1",0.753635845884905
"52","1",0.782470285000255
"53","1",0.793885678466771
"54","1",0.769816043178927
"55","1",0.731203451469927
"56","1",0.673998355946724
"57","1",0.743481366519606
"58","1",0.707040110316517
"59","1",0.645959070066936
"60","1",0.68490787481738
"61","1",0.58363283690419
"62","1",0.780838248133215
"63","1",0.749275405729876
"64","1",0.798242595897902
"65","1",0.769816043178927
"66","1",0.71963903878649
"67","1",0.71963903878649
"68","1",0.508136933317087
"69","1",0.76089263928799
"70","1",0.615990626670636
"71","1",0.769816043178927
"72","1",0.785839025631834
"73","1",0.741263852132903
"74","1",0.785864889636771
"75","1",0.637171887619125
"76","1",0.796824008293986
"77","1",0.61167959641993
"78","1",0.645230730321562
"79","1",0.801037707478095
"80","1",0.743481366519606
"81","1",0.645959070066936
"82","1",0.72888442396873
"83","1",0.731203451469927
"84","1",0.673998355946724
"85","1",0.68490787481738
"86","1",0.769816043178927
"87","1",0.58363283690419
"88","1",0.716566040853902
"89","1",0.749275405729876
