"","SVM_LABEL","SVM_PROB"
"1","1",0.789855011610518
"2","1",0.699114304154577
"3","1",0.773858804545947
"4","1",0.549655861803185
"5","1",0.775059023172093
"6","-1",0.539619064940129
"7","-1",0.539619064940129
"8","-1",0.689081389913876
"9","-1",0.505393995085991
"10","1",0.800063043673234
"11","1",0.781214239300472
"12","1",0.767570797493246
"13","1",0.668566777262272
"14","1",0.631171159931611
"15","1",0.783929831327318
"16","1",0.549655861803185
"17","1",0.775059023172093
"18","1",0.781214239300472
