"","SVM_LABEL","SVM_PROB"
"1","1",0.769816043178927
"2","1",0.680112373946577
"3","1",0.541953498599796
"4","1",0.743481366519606
"5","1",0.796644649002632
"6","-1",0.854644674478917
"7","-1",0.5
"8","1",0.769816043178927
"9","1",0.769816043178927
"10","1",0.791543430420805
"11","1",0.760427921213359
"12","1",0.727270077478384
"13","1",0.741520912864495
"14","1",0.770246367190056
"15","1",0.769816043178927
"16","1",0.770246367190056
"17","1",0.769816043178927
"18","1",0.769816043178927
"19","1",0.553147286528205
"20","1",0.700992117075917
"21","1",0.730336061466168
"22","1",0.78896783285824
"23","1",0.769816043178927
"24","1",0.760427921213359
"25","1",0.760051971423117
"26","-1",0.5
"27","1",0.711022225067958
"28","1",0.737567775306706
"29","1",0.743481366519606
"30","1",0.743481366519606
"31","1",0.759167180107232
"32","1",0.796813947809015
"33","1",0.650913572991029
"34","1",0.780955100675616
"35","-1",0.565611066909775
"36","1",0.785417995260206
"37","1",0.746020435917301
"38","1",0.769816043178927
"39","-1",0.5
"40","1",0.796644649002632
"41","1",0.541953498599796
"42","1",0.773421974276208
"43","-1",0.690364266038122
