"","SVM_LABEL","SVM_PROB"
"1","1",0.816779034741005
"2","1",0.769816043178927
"3","1",0.561602609403735
"4","1",0.769816043178927
"5","1",0.552440066268754
"6","1",0.761659149093552
"7","1",0.792899377929931
