"","SVM_LABEL","SVM_PROB"
"1","1",0.782931409310088
"2","1",0.61374454816969
"3","1",0.769816043178927
"4","1",0.80273307497958
"5","-1",0.5
"6","1",0.778083670158903
"7","1",0.804577889198527
"8","-1",0.5
"9","1",0.807688615207754
"10","1",0.743481366519606
"11","1",0.774166455628099
"12","1",0.674028683595624
"13","1",0.687981100989799
"14","1",0.769816043178927
"15","1",0.752620109671126
"16","-1",0.5
"17","1",0.779241171626196
"18","1",0.811419990516079
"19","-1",0.5
"20","-1",0.5
"21","1",0.837556287141287
"22","1",0.794970562399858
"23","-1",0.5
"24","-1",0.5
"25","-1",0.668841597464821
"26","1",0.683550689864221
"27","-1",0.5
"28","1",0.693772811600863
"29","-1",0.5
"30","-1",0.5
"31","1",0.807752363732919
"32","-1",0.5
"33","1",0.796813947809015
"34","1",0.712421967439429
"35","1",0.769816043178927
"36","-1",0.649641502166306
"37","-1",0.552322416984119
"38","-1",0.649641502166306
"39","1",0.769816043178927
"40","1",0.788895357967047
"41","1",0.782008982737961
"42","1",0.755934482348905
"43","1",0.729785148089369
"44","1",0.748572433678519
"45","1",0.750338304378561
