"","SVM_LABEL","SVM_PROB"
"1","1",0.770147818721311
"2","1",0.641119856818083
"3","1",0.727009875584507
"4","1",0.671551256915658
"5","1",0.770147818721311
"6","-1",0.690364266038122
