"","SVM_LABEL","SVM_PROB"
"1","1",0.743481366519606
"2","1",0.781804790930171
"3","-1",0.5
"4","-1",0.5
"5","-1",0.564485003598483
"6","1",0.743481366519606
"7","1",0.769816043178927
"8","1",0.769816043178927
"9","1",0.61167959641993
"10","1",0.61167959641993
"11","1",0.61167959641993
"12","1",0.769816043178927
"13","1",0.716260149296732
"14","1",0.743481366519606
"15","1",0.743481366519606
