"","SVM_LABEL","SVM_PROB"
"1","1",0.79681095729204
"2","1",0.78896783285824
"3","1",0.800439593766178
"4","1",0.730493548497945
"5","1",0.756737418531993
"6","1",0.745894960038447
"7","1",0.729667845595485
"8","1",0.769816043178927
"9","1",0.773569298483654
"10","1",0.807302833743501
"11","1",0.817553767611907
"12","1",0.798824138895738
"13","1",0.769816043178927
