"","SVM_LABEL","SVM_PROB"
"1","-1",0.592590630297491
"2","1",0.686628491176968
"3","1",0.723713898691965
"4","1",0.769816043178927
"5","1",0.691723433647538
"6","1",0.828790936972863
"7","1",0.842009207401442
"8","1",0.769479089122323
"9","1",0.826004367995455
"10","1",0.762549164411274
"11","1",0.713692692313824
"12","1",0.855671418837489
"13","1",0.675929648135084
"14","1",0.761422783782485
"15","1",0.769816043178927
"16","1",0.716870845264525
"17","-1",0.573710510714219
"18","1",0.727950003158129
"19","-1",0.573710510714219
"20","1",0.769479089122323
"21","-1",0.573710510714219
"22","-1",0.573710510714219
"23","1",0.782058190712993
"24","-1",0.573710510714219
"25","-1",0.573710510714219
"26","1",0.855671418837489
"27","-1",0.573710510714219
"28","-1",0.573710510714219
"29","-1",0.573710510714219
"30","-1",0.573710510714219
"31","1",0.778233252606522
"32","-1",0.573710510714219
"33","-1",0.573710510714219
"34","1",0.713692692313824
"35","1",0.716870845264525
