"","SVM_LABEL","SVM_PROB"
"1","1",0.769816043178927
"2","1",0.782470285000255
"3","1",0.786451476729117
"4","1",0.769816043178927
"5","1",0.769816043178927
"6","1",0.779692945852222
"7","1",0.814460311414453
"8","-1",0.552518261722715
"9","-1",0.5
"10","-1",0.5
"11","-1",0.5
"12","1",0.811762688080102
