"","SVM_LABEL","SVM_PROB"
"1","1",0.712347325760904
"2","1",0.769816043178927
"3","1",0.580754722656826
"4","-1",0.575362338087346
"5","-1",0.580698063083133
"6","-1",0.580698063083133
"7","1",0.773716310823112
