"","SVM_LABEL","SVM_PROB"
"1","1",0.775942808160848
"2","-1",0.536878455399251
"3","1",0.680112373946577
"4","1",0.68401449250777
"5","1",0.763241187722244
"6","-1",0.5
"7","1",0.778385572556582
"8","-1",0.5
"9","-1",0.742576373340718
"10","1",0.778233252606522
"11","1",0.849126773467354
"12","-1",0.5
"13","1",0.680112373946577
"14","-1",0.5
"15","1",0.680654770584673
"16","-1",0.5
"17","1",0.645907709251578
"18","1",0.68401449250777
"19","1",0.757619176998354
"20","1",0.680112373946577
"21","1",0.790703519516647
"22","1",0.793885678466771
"23","1",0.71409770197237
"24","-1",0.586265388394246
"25","1",0.688466718764252
"26","1",0.683266169719008
"27","-1",0.685319858249068
"28","1",0.780799065986662
"29","-1",0.5
"30","-1",0.536878455399251
"31","1",0.77455305154323
"32","1",0.743481366519606
"33","-1",0.668139881321013
"34","1",0.769816043178927
"35","1",0.743481366519606
"36","-1",0.536878455399251
"37","1",0.723201949594225
"38","1",0.790635971026898
"39","1",0.74383834755669
"40","-1",0.536878455399251
"41","-1",0.536878455399251
"42","1",0.747753523969906
"43","1",0.769816043178927
"44","1",0.74718295840692
"45","1",0.784446391585472
"46","-1",0.536878455399251
"47","1",0.731116988163465
"48","1",0.769816043178927
"49","1",0.559189999527423
"50","1",0.807688615207754
"51","-1",0.5
"52","1",0.808707998146165
"53","1",0.785864889636771
"54","1",0.684726780565032
"55","1",0.67065802611484
"56","1",0.622602790076791
"57","1",0.785864889636771
"58","1",0.78896783285824
"59","1",0.7946211902241
"60","1",0.635583876554977
"61","1",0.792616114855911
"62","1",0.785864889636771
"63","-1",0.586265388394246
"64","1",0.713162216798892
"65","1",0.680905994026674
"66","1",0.8208323035223
"67","1",0.744422702662735
"68","1",0.688057699842955
"69","1",0.586739098286098
"70","1",0.61271215603324
"71","1",0.580840984340924
"72","1",0.575051927984493
"73","1",0.568789666435282
"74","1",0.769816043178927
"75","1",0.810147814404683
