"","SVM_LABEL","SVM_PROB"
"1","1",0.790862783285929
"2","1",0.768286679682741
"3","1",0.792766472235617
"4","1",0.760788678391845
"5","1",0.790862783285929
"6","1",0.790862783285929
"7","1",0.743481366519606
