"","SVM_LABEL","SVM_PROB"
"1","1",0.710771201793468
"2","1",0.718178625516121
