"","SVM_LABEL","SVM_PROB"
"1","1",0.733295004727738
"2","1",0.596566507743449
"3","1",0.730442565507045
