"","SVM_LABEL","SVM_PROB"
"1","1",0.589953064795937
"2","1",0.730442565507045
"3","1",0.687137899131709
"4","1",0.671976701304534
"5","1",0.589953064795937
"6","1",0.747695658375409
"7","1",0.581030730950028
"8","1",0.581030730950028
"9","1",0.68424518684417
"10","1",0.766547528093702
"11","1",0.778891164073493
"12","1",0.766547528093702
"13","1",0.669956347537904
"14","1",0.646187707216719
"15","1",0.730442565507045
"16","1",0.581030730950028
"17","1",0.707744494605736
