"","SVM_LABEL","SVM_PROB"
"1","1",0.737661423709681
"2","1",0.801393938374377
"3","1",0.733552135239336
