"","SVM_LABEL","SVM_PROB"
"1","1",0.711339326200809
"2","1",0.760601315080417
"3","1",0.581030730950028
"4","1",0.68424518684417
"5","1",0.581030730950028
"6","1",0.711339326200809
"7","1",0.733295004727738
