"","SVM_LABEL","SVM_PROB"
"1","1",0.809468725121023
"2","1",0.701729130860203
"3","1",0.628596407622161
"4","1",0.589953064795937
"5","1",0.715315155774408
"6","1",0.788509734802729
"7","1",0.677307085127997
