"","SVM_LABEL","SVM_PROB"
"1","1",0.730442565507045
"2","-1",0.603963383195719
"3","1",0.730442565507045
"4","1",0.730442565507045
"5","1",0.609866184274987
