"","SVM_LABEL","SVM_PROB"
"1","1",0.657485058519696
"2","1",0.745816153854992
"3","1",0.730442565507045
"4","1",0.648484106122228
"5","1",0.702392961551574
"6","1",0.727950003158129
"7","1",0.657485058519696
"8","1",0.514312555420362
"9","1",0.73574626765557
"10","-1",0.505245297737902
"11","-1",0.505245297737902
