"","SVM_LABEL","SVM_PROB"
"1","1",0.66543396140048
"2","1",0.700859251557239
"3","1",0.743792910754896
"4","1",0.75470983183141
"5","1",0.730442565507045
"6","1",0.650934304547803
"7","1",0.721429608482863
"8","1",0.630142971226456
"9","1",0.744536015938456
"10","1",0.808166119652069
