"","SVM_LABEL","SVM_PROB"
"1","1",0.589953064795937
"2","1",0.552224746481003
"3","1",0.68424518684417
"4","1",0.735969712026185
"5","1",0.730442565507045
