"","SVM_LABEL","SVM_PROB"
"1","1",0.753940638117152
"2","1",0.575396524518483
"3","1",0.626558064982738
"4","1",0.68006228935385
"5","1",0.658355125860051
"6","1",0.581030730950028
"7","1",0.605965903045038
"8","1",0.734825426872623
"9","1",0.774697591330334
"10","1",0.589537773855105
"11","1",0.753933857378747
"12","1",0.753940638117152
"13","1",0.68006228935385
"14","1",0.658355125860051
"15","1",0.609866184274987
