"","SVM_LABEL","SVM_PROB"
"1","1",0.68780653874605
"2","1",0.770856345038249
"3","1",0.770856345038249
