"","SVM_LABEL","SVM_PROB"
"1","1",0.701553369226511
"2","1",0.732645820194993
"3","1",0.699914382797406
"4","1",0.730442565507045
"5","1",0.592181478615157
"6","1",0.68424518684417
"7","1",0.581030730950028
"8","1",0.671976701304534
"9","1",0.768252854278221
"10","1",0.638549692283377
