"","SVM_LABEL","SVM_PROB"
"1","1",0.74748663669759
"2","1",0.695081593411356
"3","1",0.609866184274987
