"","SVM_LABEL","SVM_PROB"
"1","1",0.765239581354114
"2","1",0.75163655603828
"3","1",0.777954388065768
"4","1",0.752217317569425
"5","1",0.748329837023855
"6","1",0.550714309207491
"7","1",0.777954388065768
"8","1",0.752217317569425
