"","SVM_LABEL","SVM_PROB"
"1","1",0.618836022778679
"2","1",0.676735591480338
"3","1",0.665016995354398
"4","1",0.736219387594991
"5","1",0.72105505185512
"6","1",0.736219387594991
"7","1",0.72105505185512
