"","SVM_LABEL","SVM_PROB"
"1","1",0.601237605317396
"2","1",0.581030730950028
"3","1",0.740981250685504
