"","SVM_LABEL","SVM_PROB"
"1","1",0.638822159047028
"2","1",0.730442565507045
"3","1",0.730442565507045
"4","1",0.730442565507045
"5","1",0.688089666442611
"6","1",0.628510509920259
