"","SVM_LABEL","SVM_PROB"
"1","1",0.730442565507045
"2","1",0.723227179001863
"3","-1",0.562655733904358
"4","1",0.681629293846685
