"","SVM_LABEL","SVM_PROB"
"1","1",0.710260529867698
"2","1",0.684902471740434
"3","1",0.76154936017326
"4","1",0.601825384459446
"5","1",0.7554077876533
"6","1",0.702392961551574
"7","1",0.727947999942127
"8","1",0.665016995354398
"9","1",0.742926706912234
"10","1",0.702392961551574
"11","1",0.730442565507045
"12","1",0.730442565507045
"13","1",0.601825384459446
"14","1",0.710260529867698
