"","SVM_LABEL","SVM_PROB"
"1","-1",0.511779579701997
"2","-1",0.511779579701997
"3","-1",0.511779579701997
"4","1",0.673159838319253
"5","1",0.774825054759607
"6","1",0.77204613263684
"7","1",0.707462135928797
