"","SVM_LABEL","SVM_PROB"
"1","1",0.615721693301587
"2","1",0.668856243962314
"3","1",0.651429555885481
"4","1",0.730442565507045
