"","SVM_LABEL","SVM_PROB"
"1","1",0.733295004727738
"2","1",0.813731421856795
"3","1",0.581030730950028
"4","1",0.620800378598334
"5","1",0.646443030718188
"6","1",0.730442565507045
"7","1",0.581030730950028
"8","1",0.769384187265193
"9","1",0.749006269398495
"10","1",0.600973357045267
"11","1",0.635487567357692
"12","1",0.730442565507045
"13","1",0.635487567357692
"14","1",0.635487567357692
"15","1",0.648001442144292
"16","1",0.635487567357692
"17","1",0.652635810454247
"18","1",0.635487567357692
"19","1",0.635487567357692
"20","1",0.67204620759269
"21","1",0.635487567357692
"22","1",0.593921839899499
"23","-1",0.779461057171369
"24","1",0.635487567357692
"25","1",0.727178978531508
"26","1",0.635487567357692
"27","1",0.684282356721817
"28","1",0.625851091492443
"29","1",0.657108817801044
"30","1",0.582048788306458
"31","1",0.660399973224499
