"","SVM_LABEL","SVM_PROB"
"1","1",0.68424518684417
"2","1",0.762028194163912
"3","1",0.730442565507045
"4","1",0.621896494383961
"5","1",0.692105521661368
"6","1",0.692105521661368
