"","SVM_LABEL","SVM_PROB"
"1","1",0.609866184274987
"2","1",0.725004268787019
"3","1",0.635487567357692
"4","1",0.681041014392762
"5","1",0.68424518684417
"6","1",0.670948783856198
"7","1",0.725004268787019
"8","1",0.697007446784283
"9","1",0.730442565507045
"10","1",0.682380914291238
"11","1",0.69920727629189
"12","1",0.798182895706621
"13","1",0.768697480301569
"14","1",0.542742128919808
"15","1",0.682380914291238
"16","1",0.697007446784283
"17","1",0.714381528682214
