"","SVM_LABEL","SVM_PROB"
"1","1",0.745051042881201
"2","1",0.730442565507045
"3","1",0.730442565507045
"4","1",0.574333931678095
"5","1",0.737780368664964
"6","1",0.572444833168645
"7","1",0.730442565507045
"8","1",0.728729494331429
"9","1",0.793626267798219
"10","1",0.75040931041933
"11","1",0.717674133887731
"12","1",0.730442565507045
"13","1",0.619312273811188
"14","1",0.730442565507045
"15","1",0.737780368664964
"16","1",0.581030730950028
"17","-1",0.543008728588854
"18","1",0.671976701304534
"19","1",0.717674133887731
"20","1",0.724456115416387
"21","1",0.619312273811188
"22","1",0.793626267798219
