"","SVM_LABEL","SVM_PROB"
"1","1",0.522740545583346
"2","1",0.552224746481003
"3","1",0.741728230653607
"4","1",0.552224746481003
