"","SVM_LABEL","SVM_PROB"
"1","1",0.634204615712513
"2","1",0.581030730950028
"3","1",0.733890062912866
"4","1",0.730442565507045
"5","1",0.579914470882071
"6","1",0.753648638503849
"7","1",0.748329837023855
"8","1",0.66273747548515
"9","1",0.753986468825882
"10","1",0.68424518684417
"11","1",0.733890062912866
"12","1",0.770343343556872
