"","SVM_LABEL","SVM_PROB"
"1","1",0.718461501274166
"2","1",0.621268441830241
"3","1",0.741436194243723
