"","SVM_LABEL","SVM_PROB"
"1","1",0.670076822489167
"2","1",0.618836022778679
"3","1",0.571784738824434
"4","1",0.743282885419353
"5","1",0.757525386716134
"6","1",0.672574477795745
"7","1",0.581030730950028
"8","1",0.690435726755076
"9","1",0.62357823590093
"10","1",0.610195813665357
"11","1",0.621317948188253
"12","1",0.680062722491068
"13","1",0.618836022778679
"14","1",0.571784738824434
