"","SVM_LABEL","SVM_PROB"
"1","1",0.73786554961548
"2","1",0.730442565507045
"3","1",0.754680016652953
"4","1",0.635487567357692
"5","1",0.609866184274987
"6","1",0.79354395835374
