"","SVM_LABEL","SVM_PROB"
"1","1",0.745816153854992
"2","1",0.734618528160703
"3","1",0.581030730950028
"4","-1",0.5
"5","1",0.635487567357692
"6","1",0.602204097470272
"7","1",0.638924318256137
"8","1",0.730442565507045
"9","1",0.74748663669759
"10","1",0.730442565507045
"11","1",0.581030730950028
"12","1",0.611054334475143
"13","1",0.730442565507045
"14","1",0.581030730950028
"15","1",0.747830067704465
"16","1",0.733129577039953
