"","SVM_LABEL","SVM_PROB"
"1","1",0.581030730950028
"2","1",0.581030730950028
"3","1",0.667402519311163
"4","1",0.581030730950028
"5","1",0.71982346177578
"6","1",0.68424518684417
"7","1",0.68424518684417
"8","1",0.651408892241346
"9","1",0.69920727629189
"10","1",0.581030730950028
"11","1",0.581030730950028
"12","1",0.644451096102958
