"","SVM_LABEL","SVM_PROB"
"1","1",0.602204097470272
"2","1",0.671976701304534
"3","1",0.602204097470272
"4","1",0.680444519744433
"5","1",0.671976701304534
