"","SVM_LABEL","SVM_PROB"
"1","1",0.779179694179213
"2","1",0.827550399944796
"3","1",0.819254781815348
"4","1",0.834818896722149
"5","1",0.826676915012672
"6","1",0.776129677738212
"7","1",0.832413656296896
"8","1",0.781992413341733
"9","1",0.699114304154577
"10","1",0.743481366519606
"11","1",0.743481366519606
"12","1",0.776706471197876
"13","1",0.801672984748366
"14","1",0.796811784625095
"15","1",0.750117805328627
"16","1",0.834818896722149
"17","1",0.683721591763137
"18","1",0.743481366519606
"19","1",0.782741086886509
"20","1",0.801672984748366
"21","1",0.71368814577259
"22","1",0.769816043178927
"23","1",0.785839025631834
"24","1",0.743481366519606
"25","1",0.726842277881624
"26","1",0.727311964764468
"27","1",0.821406226110923
"28","-1",0.510114634960792
"29","1",0.652058397958927
"30","1",0.707629121192538
"31","1",0.743481366519606
"32","1",0.727311964764468
"33","1",0.769816043178927
"34","-1",0.693113491428978
"35","1",0.782931409310088
"36","-1",0.541962921207662
"37","1",0.806934321814739
"38","1",0.78896783285824
"39","1",0.795594031504373
"40","1",0.805456020070933
"41","1",0.746492984743691
"42","1",0.546414146872335
"43","1",0.550744418787942
"44","-1",0.547469075447131
"45","1",0.74985497127456
"46","1",0.793664337719121
"47","1",0.71792466801378
"48","1",0.608173085954056
"49","1",0.743481366519606
"50","1",0.652058397958927
"51","1",0.707629121192538
"52","1",0.743481366519606
"53","1",0.727311964764468
"54","1",0.682161969608327
"55","1",0.769816043178927
