"","SVM_LABEL","SVM_PROB"
"1","1",0.706875905444526
"2","-1",0.536878455399251
"3","1",0.739514981279659
"4","1",0.80317363420154
"5","1",0.658000469775136
"6","1",0.769816043178927
"7","1",0.744884613101892
"8","1",0.784453499202349
"9","1",0.769816043178927
"10","1",0.769816043178927
