"","SVM_LABEL","SVM_PROB"
"1","1",0.757768502680348
"2","1",0.728836832609136
"3","1",0.828381162676253
"4","1",0.813998342839203
"5","1",0.689820444826276
"6","1",0.685418600591668
"7","1",0.794392533083536
"8","1",0.79492691878217
"9","1",0.743481366519606
"10","1",0.779977248311192
"11","1",0.769816043178927
"12","1",0.767570797493246
"13","1",0.7592436051939
"14","1",0.769816043178927
"15","1",0.778556441378385
"16","1",0.740162919559306
"17","1",0.730336061466168
"18","1",0.778496827798354
"19","1",0.74774181415408
"20","1",0.74536350549308
"21","1",0.64818804641302
"22","1",0.63494470832024
"23","1",0.73517378355764
"24","1",0.767236616859258
"25","1",0.7338194274771
"26","1",0.743481366519606
"27","1",0.755936520830971
"28","1",0.7338194274771
"29","1",0.535213734730542
"30","1",0.721970227616418
"31","1",0.576874639873015
"32","1",0.752620109671126
"33","1",0.677340635097518
"34","1",0.688119161915051
"35","1",0.827306769208858
"36","1",0.79931211223643
"37","1",0.561602609403735
"38","1",0.741416992848213
"39","-1",0.688735590810035
"40","1",0.774634117231545
"41","-1",0.688735590810035
"42","1",0.756737418531993
"43","1",0.79914661009865
"44","1",0.769816043178927
"45","1",0.785110848663591
"46","1",0.785110848663591
"47","1",0.79931211223643
