"","SVM_LABEL","SVM_PROB"
"1","1",0.769816043178927
"2","1",0.745396997204638
"3","1",0.722056814166695
"4","1",0.618105398451181
"5","1",0.680112373946577
"6","1",0.803938193107831
"7","1",0.752588530911512
"8","1",0.743481366519606
"9","1",0.774166455628099
"10","1",0.687292978278997
"11","1",0.510024421261697
"12","1",0.675786994618769
"13","1",0.716126274005959
