"","SVM_LABEL","SVM_PROB"
"1","1",0.568140772741451
"2","1",0.771531024105975
"3","1",0.719508782532186
"4","-1",0.5
"5","-1",0.688735590810035
"6","1",0.789752064800076
"7","1",0.751701629906698
"8","1",0.509455760670538
"9","1",0.750280520406367
