"","SVM_LABEL","SVM_PROB"
"1","1",0.793885678466771
"2","1",0.773569298483654
"3","1",0.793918251324578
"4","1",0.834280520072841
"5","1",0.65273134890871
"6","1",0.775455441210587
"7","1",0.743481366519606
"8","1",0.731913543525128
"9","1",0.774166455628099
"10","1",0.769816043178927
"11","1",0.80512907475906
"12","-1",0.690364266038122
"13","1",0.575051927984493
"14","1",0.721719744189335
"15","1",0.794742728991598
"16","1",0.834280520072841
"17","1",0.827289979716047
