"","SVM_LABEL","SVM_PROB"
"1","1",0.743481366519606
"2","1",0.743481366519606
"3","1",0.74536350549308
"4","1",0.74536350549308
"5","1",0.775570287616606
"6","1",0.79681095729204
"7","1",0.783258326547994
