"","SVM_LABEL","SVM_PROB"
"1","1",0.680112373946577
"2","1",0.702946940827685
"3","1",0.656853352455404
"4","1",0.770544052372058
"5","1",0.737429433247392
"6","1",0.769816043178927
"7","1",0.696986864943476
"8","1",0.759693041816452
"9","1",0.695739248610895
"10","1",0.780082824347914
"11","1",0.784545463217265
