"","SVM_LABEL","SVM_PROB"
"1","1",0.680514388033649
"2","1",0.743481366519606
"3","1",0.680112373946577
"4","1",0.769816043178927
"5","1",0.554846515151724
"6","1",0.818737779328086
"7","1",0.743481366519606
"8","1",0.680112373946577
"9","1",0.770149994912192
"10","1",0.648526164638458
"11","1",0.733486254561939
"12","1",0.683675430426779
"13","1",0.683550689864221
"14","1",0.681980530345781
"15","1",0.803938193107831
"16","1",0.769816043178927
"17","1",0.769816043178927
"18","-1",0.508244923673393
"19","1",0.748978006939554
"20","1",0.769816043178927
"21","1",0.712347325760904
"22","1",0.8153212245918
"23","1",0.716566040853902
"24","1",0.797340751639907
"25","1",0.618976441483501
"26","1",0.807688615207754
"27","-1",0.573710510714219
"28","-1",0.573710510714219
"29","-1",0.573710510714219
"30","1",0.748978006939554
"31","1",0.743481366519606
"32","-1",0.573710510714219
"33","-1",0.573710510714219
"34","-1",0.573710510714219
"35","-1",0.586265388394246
"36","1",0.79732671449441
"37","-1",0.573710510714219
"38","-1",0.586265388394246
"39","1",0.814270767219096
"40","1",0.816295436260767
"41","-1",0.573710510714219
"42","-1",0.536878455399251
"43","-1",0.536878455399251
"44","1",0.73321544923677
"45","-1",0.536878455399251
"46","-1",0.536878455399251
"47","1",0.73321544923677
"48","1",0.815194426174515
"49","1",0.554846515151724
"50","1",0.770149994912192
