"","SVM_LABEL","SVM_PROB"
"1","1",0.730336061466168
"2","1",0.772725422852525
"3","1",0.747104227582147
"4","1",0.680834824627407
"5","1",0.716566040853902
"6","-1",0.5
