"","SVM_LABEL","SVM_PROB"
"1","1",0.760548241967968
"2","1",0.79681095729204
"3","1",0.772365007096215
"4","1",0.749488360083594
"5","1",0.646946164438284
"6","1",0.788717420542312
"7","1",0.796791272531711
"8","1",0.780291266569631
"9","1",0.725860136633131
"10","1",0.705095163717974
"11","1",0.796813947809015
"12","1",0.772642525044555
"13","1",0.574791102113196
"14","1",0.575051927984493
"15","1",0.5172018093439
"16","1",0.767570797493246
"17","1",0.785864889636771
"18","1",0.8253638268336
"19","1",0.813138589985255
"20","1",0.585691155603616
"21","1",0.717169195015821
"22","1",0.773569298483654
"23","1",0.773569298483654
"24","1",0.769816043178927
"25","1",0.799022174649013
"26","1",0.807688615207754
"27","1",0.680112373946577
"28","1",0.813407650572283
"29","1",0.784544174269671
"30","1",0.785864889636771
"31","1",0.583648373141892
"32","1",0.749867080384595
"33","1",0.640913417886535
"34","1",0.713403160270133
"35","1",0.796813947809015
"36","1",0.771798873794061
"37","-1",0.5
"38","1",0.712403068168623
"39","1",0.785110848663591
"40","-1",0.5
"41","1",0.755731002482121
"42","1",0.785110848663591
"43","1",0.803031034588244
"44","1",0.661306893653858
"45","1",0.727529315750431
"46","1",0.775598615569304
"47","1",0.731345934083255
"48","1",0.682159516502001
"49","-1",0.5
"50","1",0.76412204942098
"51","1",0.780686201585791
