"","SVM_LABEL","SVM_PROB"
"1","1",0.672384273564204
"2","1",0.806611533524733
"3","1",0.796813947809015
"4","1",0.772382786825931
"5","1",0.747363078009266
"6","1",0.756323522784755
"7","1",0.747363078009266
