"","SVM_LABEL","SVM_PROB"
"1","1",0.801832505224722
"2","1",0.715629793221002
"3","1",0.802947235192778
"4","1",0.74383834755669
"5","1",0.645114733359182
"6","1",0.778960183789996
"7","-1",0.536878455399251
"8","1",0.828954706822969
"9","1",0.714945469697723
"10","1",0.680112373946577
"11","1",0.80594594908908
"12","1",0.755494588409432
"13","-1",0.536878455399251
"14","-1",0.536878455399251
"15","-1",0.536878455399251
"16","1",0.866133137945846
"17","-1",0.536878455399251
"18","1",0.758867167265567
"19","1",0.777357104206695
"20","1",0.789372325853724
"21","1",0.793885678466771
"22","1",0.758697627882869
"23","1",0.781618263414856
"24","-1",0.5
"25","-1",0.5
"26","-1",0.5
"27","-1",0.5
"28","-1",0.5
"29","-1",0.5
"30","1",0.787996188861289
"31","1",0.774166455628099
"32","1",0.787996188861289
"33","1",0.743481366519606
"34","1",0.770050733465539
"35","1",0.794668913971482
"36","-1",0.536878455399251
"37","1",0.676774432420339
"38","1",0.758487802074337
"39","1",0.801832505224722
"40","1",0.714945469697723
"41","1",0.680112373946577
"42","1",0.680112373946577
"43","1",0.80594594908908
"44","1",0.755494588409432
"45","1",0.606164673901476
"46","1",0.770050733465539
"47","1",0.803938193107831
"48","1",0.567370588174349
