"","SVM_LABEL","SVM_PROB"
"1","1",0.628765287487654
"2","1",0.755081345001165
"3","1",0.743481366519606
"4","1",0.769816043178927
"5","-1",0.5
"6","-1",0.5
"7","-1",0.5
