"","SVM_LABEL","SVM_PROB"
"1","1",0.639739677465776
"2","1",0.64820435007253
"3","1",0.779123018717393
"4","1",0.633717826119875
"5","1",0.755876085305001
"6","1",0.703599894745359
"7","-1",0.572835609771067
"8","1",0.613996557847655
"9","1",0.877675279120636
"10","1",0.813853051721051
"11","1",0.782744817787829
"12","1",0.754285194473051
"13","1",0.777046267974409
"14","1",0.692604334252985
"15","1",0.787088584340366
"16","1",0.787088584340366
"17","1",0.726566867373615
"18","1",0.726566867373615
"19","1",0.807547111443282
"20","1",0.633717826119875
"21","1",0.703599894745359
"22","-1",0.572835609771067
"23","1",0.613996557847655
"24","1",0.877675279120636
"25","1",0.813853051721051
"26","1",0.782744817787829
"27","1",0.754285194473051
"28","1",0.639739677465776
"29","1",0.64820435007253
"30","1",0.815948000565216
"31","1",0.915930584396517
"32","1",0.755876085305001
"33","1",0.755876085305001
"34","-1",0.535846339702025
"35","1",0.767598511516401
"36","1",0.973283621813312
"37","1",0.796821934590495
"38","1",0.627933566140413
"39","-1",0.516064915209692
"40","-1",0.535846339702025
"41","1",0.64820435007253
"42","1",0.755876085305001
