"","SVM_LABEL","SVM_PROB"
"1","1",0.755876085305001
"2","1",0.591181576812206
"3","1",0.667345428436619
"4","1",0.53583438682411
"5","1",0.811568820070842
"6","1",0.766328370417119
"7","1",0.75447966735158
"8","1",0.755876085305001
"9","1",0.76804245222673
"10","-1",0.597414660538725
"11","1",0.89793889577497
"12","1",0.89793889577497
"13","1",0.832194703051451
"14","1",0.843663472091215
"15","1",0.848842181323048
"16","1",0.848842181323048
"17","1",0.848842181323048
"18","1",0.689415664390798
"19","1",0.764679778829144
"20","1",0.811561376720929
"21","1",0.915930584396517
"22","1",0.667345428436619
"23","1",0.667345428436619
"24","1",0.811568820070842
"25","-1",0.897693539258814
