"","SVM_LABEL","SVM_PROB"
"1","1",0.528620573307375
"2","1",0.791715572708847
"3","1",0.774637229724792
"4","1",0.791715572708847
"5","1",0.685883618026793
"6","1",0.954868857082578
"7","1",0.791715572708847
"8","1",0.791715572708847
"9","1",0.791715572708847
"10","1",0.787088584340366
"11","1",0.663909983978589
"12","1",0.791715572708847
"13","1",0.791715572708847
"14","1",0.791715572708847
"15","1",0.791715572708847
"16","1",0.791715572708847
"17","1",0.791715572708847
