"","SVM_LABEL","SVM_PROB"
"1","1",0.733464860565486
"2","1",0.518818757947112
"3","1",0.81666061965648
"4","1",0.787142076372043
"5","1",0.659120597124958
"6","1",0.802224475105752
"7","1",0.680033451323506
"8","-1",0.650449647236797
"9","1",0.777472257885401
