"","SVM_LABEL","SVM_PROB"
"1","1",0.755876085305001
"2","1",0.857607410494888
"3","1",0.697128720810972
"4","1",0.817770147045921
"5","1",0.643156096705573
"6","1",0.50610246176014
"7","1",0.8345192201871
"8","1",0.808531856763214
"9","1",0.897810134830225
"10","1",0.725245864897858
