"","SVM_LABEL","SVM_PROB"
"1","1",0.676097004544077
"2","1",0.520419615909431
"3","1",0.845208534356912
"4","1",0.915930584396517
"5","1",0.755876085305001
"6","1",0.818345604364533
"7","1",0.747371348438221
"8","1",0.786589614401204
"9","1",0.6544373001577
"10","1",0.755876085305001
"11","1",0.870256156739685
"12","1",0.576743316495674
"13","-1",0.616567669465499
"14","1",0.792388263330248
"15","1",0.795274073201784
"16","1",0.817061974956141
"17","1",0.759927953088493
"18","1",0.778536877063478
"19","1",0.710584133718964
"20","1",0.668219920417746
"21","1",0.778536877063478
"22","1",0.551851637107315
"23","1",0.835110139033154
"24","1",0.878279250488511
"25","1",0.787088584340366
"26","1",0.755876085305001
"27","1",0.969994391797223
"28","1",0.757576978685803
"29","-1",0.714670243750309
"30","1",0.591645809681961
"31","1",0.790851932479083
"32","1",0.769668031315413
"33","1",0.799302577867587
"34","1",0.769707240497504
"35","1",0.576621897378685
"36","1",0.941180641769176
"37","1",0.835813245835081
"38","1",0.755876085305001
"39","1",0.959882087763925
"40","1",0.651018493760947
"41","1",0.948588711914823
"42","1",0.884465940769222
"43","1",0.846070560381934
"44","1",0.782982984568452
"45","1",0.70066517612809
"46","1",0.796205182863699
"47","1",0.799302577867587
"48","1",0.576621897378685
"49","1",0.941180641769176
"50","1",0.577921476956011
"51","1",0.538763345244757
"52","1",0.858768810880492
"53","1",0.890844491863595
"54","1",0.577921476956011
"55","1",0.629888052766152
"56","1",0.757238659178082
"57","1",0.755876085305001
"58","-1",0.509157129204312
"59","-1",0.529296778964577
"60","-1",0.507389430017691
"61","1",0.760972215765447
"62","-1",0.583797433615833
"63","1",0.668219920417746
