"","SVM_LABEL","SVM_PROB"
"1","1",0.781626395509649
"2","1",0.528807516647994
"3","1",0.7225425461559
