"","SVM_LABEL","SVM_PROB"
"1","1",0.861952947486609
"2","1",0.724770560692883
