"","SVM_LABEL","SVM_PROB"
"1","1",0.727009567524851
"2","1",0.842485547913045
"3","1",0.755876085305001
"4","1",0.725403476232224
"5","1",0.823733182712788
"6","1",0.752538263615609
"7","-1",0.616567669465499
"8","1",0.769707240497504
"9","1",0.627442582694325
"10","1",0.775854232184435
"11","1",0.59862557010978
"12","1",0.854630469606349
"13","1",0.752538263615609
"14","1",0.823733182712788
"15","1",0.755876085305001
