"","SVM_LABEL","SVM_PROB"
"1","1",0.792388263330248
"2","1",0.792388263330248
"3","-1",0.5
"4","1",0.725385468151959
"5","1",0.855559537493951
"6","1",0.776853519769274
"7","1",0.724092503884149
"8","1",0.955220336139839
"9","1",0.794024383105838
"10","1",0.689384065960942
"11","1",0.57721660867036
"12","1",0.506362590993531
"13","1",0.774692987153912
"14","1",0.752757255878588
"15","1",0.752757255878588
