"","SVM_LABEL","SVM_PROB"
"1","1",0.725788777838789
"2","1",0.773324762362927
"3","1",0.773324762362927
"4","1",0.78645083453115
