"","SVM_LABEL","SVM_PROB"
"1","1",0.755876085305001
"2","1",0.906174251812339
"3","1",0.91307379236903
"4","1",0.91307379236903
"5","1",0.906174251812339
"6","1",0.849252139271057
"7","1",0.771027229260619
"8","1",0.819508136950245
"9","1",0.827748305976337
"10","1",0.773324762362927
"11","1",0.78645083453115
"12","1",0.836868427290989
"13","1",0.841915308433706
"14","1",0.841915308433706
