"","SVM_LABEL","SVM_PROB"
"1","1",0.898784466492695
"2","1",0.749737182848868
"3","1",0.881467931570968
"4","1",0.598312089443985
"5","1",0.585425285975873
"6","1",0.881467931570968
"7","1",0.817404368572878
"8","1",0.778723437264232
"9","1",0.881467931570968
"10","1",0.881467931570968
"11","1",0.881467931570968
"12","1",0.881467931570968
"13","1",0.64836570190888
"14","1",0.786965256933182
"15","1",0.751214590131193
"16","1",0.755876085305001
"17","-1",0.705846136002209
"18","1",0.751214590131193
"19","1",0.820907539780491
"20","1",0.787088584340366
"21","1",0.807282817325434
"22","1",0.670914937775274
"23","1",0.755206927218787
"24","1",0.777046267974409
"25","1",0.755876085305001
"26","1",0.798082285717249
"27","1",0.509996292703133
"28","1",0.764679778829144
"29","-1",0.558793669582182
"30","1",0.817519619959719
"31","1",0.726591584191447
"32","1",0.755876085305001
"33","1",0.817428244254582
"34","1",0.795140867015611
"35","1",0.798368893328909
"36","1",0.798368893328909
"37","1",0.769707240497504
"38","1",0.798930226469366
"39","1",0.912000541137054
"40","1",0.791715572708847
"41","-1",0.599516831811509
"42","1",0.755876085305001
"43","1",0.780728176246586
"44","1",0.774125392452236
"45","1",0.755876085305001
"46","-1",0.613546623229515
"47","1",0.671672081532057
"48","1",0.841504850547247
"49","1",0.841504850547247
"50","1",0.806113794130693
