"","SVM_LABEL","SVM_PROB"
"1","1",0.85716418112911
"2","1",0.755876085305001
"3","1",0.755876085305001
"4","1",0.865554062006253
"5","1",0.737460902583192
"6","1",0.803218623979765
"7","1",0.801575062078314
"8","1",0.793898275758754
"9","1",0.910994053860503
"10","1",0.82668511749396
"11","1",0.798790549295425
"12","1",0.728082760858461
"13","1",0.81132790614428
"14","1",0.764679778829144
