"","SVM_LABEL","SVM_PROB"
"1","1",0.755876085305001
"2","1",0.726040255478208
"3","1",0.764679778829144
"4","1",0.946816279483295
"5","1",0.682098259586417
"6","-1",0.568913268314537
"7","1",0.8572080286762
"8","1",0.78812799334374
"9","1",0.811610736497615
