"","SVM_LABEL","SVM_PROB"
"1","1",0.70619471452638
"2","1",0.786473838235224
"3","1",0.851846665013512
"4","1",0.657400755019736
"5","-1",0.5
"6","1",0.978940609488345
"7","1",0.778536877063478
"8","-1",0.558793669582182
"9","1",0.611088178810141
"10","1",0.755876085305001
"11","1",0.700763972138935
"12","1",0.755876085305001
"13","1",0.770167768699431
"14","1",0.77393615360445
"15","1",0.875591405523007
"16","1",0.766034414576751
"17","1",0.5685395563527
"18","1",0.755876085305001
"19","-1",0.99867193976435
"20","1",0.810393618096864
"21","1",0.675953392226206
"22","1",0.770073626668852
"23","1",0.839423217570535
"24","-1",0.561471303320925
"25","1",0.64820435007253
"26","1",0.766034414576751
"27","-1",0.561471303320925
"28","1",0.742418671557094
"29","1",0.775295926897621
"30","1",0.978940609488345
"31","1",0.700763972138935
"32","1",0.766034414576751
"33","1",0.5685395563527
"34","-1",0.561471303320925
"35","1",0.923496208414189
