"","SVM_LABEL","SVM_PROB"
"1","1",0.764679778829144
"2","1",0.871176863306758
"3","1",0.875251605403698
"4","1",0.866806891696286
"5","-1",0.709099498493914
"6","1",0.799628410476208
"7","1",0.800752809547006
"8","1",0.826023941183826
"9","1",0.683538828413598
"10","1",0.549874035151191
"11","1",0.577888191733331
