"","SVM_LABEL","SVM_PROB"
"1","1",0.8158632697155
"2","1",0.769707240497504
"3","1",0.733584222689219
"4","1",0.737881488637656
"5","1",0.788007520066983
"6","1",0.759691893067101
"7","1",0.863361034214185
"8","1",0.802179923232689
