"","SVM_LABEL","SVM_PROB"
"1","1",0.775274571618725
"2","1",0.700052648274387
"3","1",0.660558641345749
"4","1",0.53583438682411
"5","1",0.795076947217286
"6","1",0.775274571618725
"7","1",0.745943242299181
