"","SVM_LABEL","SVM_PROB"
"1","1",0.71055198997765
"2","1",0.842529407141878
"3","1",0.71055198997765
