"","SVM_LABEL","SVM_PROB"
"1","-1",0.563383133174658
"2","1",0.796205182863699
"3","1",0.703599894745359
"4","1",0.846604113973665
"5","1",0.755876085305001
"6","1",0.844522256824744
"7","1",0.763105701874075
"8","1",0.725403476232224
"9","1",0.764679778829144
"10","1",0.804948459978909
"11","1",0.678877707694514
"12","1",0.724186715565197
"13","1",0.793750589676206
"14","1",0.833565129758855
"15","1",0.851822803064407
"16","1",0.755876085305001
"17","1",0.64820435007253
"18","1",0.975157640190921
"19","1",0.753915662719797
"20","-1",0.516063159079012
"21","1",0.825692391325343
"22","-1",0.858500332306178
"23","1",0.972782281685772
"24","-1",0.538928698834595
"25","1",0.764601312644663
"26","1",0.755876085305001
"27","1",0.767178435207196
"28","1",0.81738189602034
"29","1",0.76804245222673
"30","1",0.799302577867587
"31","1",0.824778842452383
"32","1",0.755876085305001
"33","1",0.673323595949127
"34","1",0.755876085305001
"35","1",0.781695506057761
"36","1",0.83663779043652
"37","1",0.783109725105295
"38","1",0.786965256933182
"39","1",0.658897305797063
"40","-1",0.559515767919168
"41","1",0.783297530086298
"42","1",0.797810093449239
"43","1",0.709201274574022
"44","1",0.804568504362799
"45","1",0.645786561858694
"46","1",0.792720949950307
"47","1",0.53583438682411
"48","1",0.53583438682411
"49","1",0.658897305797063
"50","1",0.797810093449239
"51","1",0.804568504362799
"52","1",0.665592798992957
"53","1",0.646918891242425
"54","1",0.611015437677063
"55","1",0.604608128308727
"56","-1",0.705302953944402
"57","1",0.755876085305001
"58","1",0.849318129200289
"59","1",0.646918891242425
"60","1",0.703599894745359
"61","1",0.755876085305001
"62","1",0.678877707694514
"63","1",0.793750589676206
"64","1",0.755876085305001
"65","1",0.64820435007253
"66","1",0.755876085305001
"67","1",0.764679778829144
"68","1",0.755876085305001
"69","1",0.889621138089672
"70","1",0.665592798992957
"71","1",0.611015437677063
"72","1",0.604608128308727
"73","1",0.787088584340366
"74","1",0.760722321578169
