"","SVM_LABEL","SVM_PROB"
"1","1",0.518075068347373
"2","1",0.834881527273
"3","1",0.727997661231898
"4","1",0.794024383105838
"5","1",0.825475975719957
"6","1",0.775295926897621
"7","1",0.527428299681255
"8","1",0.748398100937396
