"","SVM_LABEL","SVM_PROB"
"1","1",0.518530748002435
"2","1",0.647208749898502
"3","1",0.771836245121868
"4","1",0.645300007446569
"5","1",0.525332146029504
"6","1",0.924670294006647
"7","1",0.715977746857342
"8","1",0.642957452743048
"9","1",0.647208749898502
"10","1",0.771836245121868
"11","-1",0.642309264595821
"12","1",0.616100211744845
"13","1",0.613865507881771
"14","1",0.56729622680784
"15","1",0.563074284775883
"16","1",0.695544041896747
"17","1",0.56729622680784
"18","1",0.737257018417657
"19","1",0.613274638010338
"20","1",0.772450117846087
"21","1",0.563074284775883
"22","1",0.788846757471213
"23","1",0.553169948059854
"24","1",0.772450117846087
"25","-1",0.672201371409927
"26","-1",0.732939311116046
"27","1",0.741366568355449
"28","1",0.660365596442883
"29","-1",0.642309264595821
"30","1",0.56729622680784
"31","1",0.737257018417657
"32","1",0.772450117846087
"33","1",0.563074284775883
