"","SVM_LABEL","SVM_PROB"
"1","-1",0.612813960749169
"2","1",0.715607062302242
"3","1",0.7425352741912
"4","-1",0.565500930011541
"5","1",0.613865507881771
"6","1",0.613865507881771
"7","1",0.616100211744845
"8","1",0.798709186436972
"9","-1",0.521896145077263
"10","1",0.709141995502073
"11","1",0.867875076553926
"12","1",0.574225769345618
"13","-1",0.76409498952804
"14","1",0.542648257534019
"15","1",0.572276468221418
"16","1",0.663499759045206
"17","1",0.632990493055991
"18","1",0.663499759045206
"19","1",0.632990493055991
"20","1",0.895397877677285
"21","1",0.708696378839416
"22","1",0.895397877677285
"23","1",0.721493897654229
"24","1",0.613865507881771
"25","1",0.613865507881771
"26","-1",0.548862899613684
"27","1",0.670558779997653
"28","1",0.670558779997653
"29","1",0.670558779997653
"30","1",0.670558779997653
"31","1",0.820906141379051
"32","1",0.878063076148686
"33","1",0.574658213864665
"34","1",0.723155179437419
