"","SVM_LABEL","SVM_PROB"
"1","1",0.613865507881771
"2","1",0.558785592188362
"3","1",0.788846757471213
"4","1",0.788846757471213
"5","1",0.757194311539985
"6","1",0.757194311539985
"7","1",0.79539468092791
