"","SVM_LABEL","SVM_PROB"
"1","-1",0.521484578800931
"2","1",0.788846757471213
"3","1",0.788846757471213
"4","-1",0.521484578800931
"5","1",0.54787450566096
"6","1",0.572733107934975
"7","1",0.811684157245398
"8","1",0.817666585267921
"9","1",0.729472391098833
"10","1",0.619610690991344
"11","1",0.662977126872234
"12","1",0.506849421418403
"13","1",0.63010460171078
"14","1",0.796185183529728
"15","1",0.613865507881771
"16","1",0.563227150259809
"17","1",0.821008915365368
"18","1",0.946816279483295
"19","1",0.682098259586417
"20","1",0.645303850519871
"21","-1",0.50764863694308
"22","1",0.647810591737491
"23","1",0.647810591737491
"24","1",0.696729991527467
"25","1",0.725863260938096
"26","1",0.725863260938096
"27","1",0.725863260938096
"28","1",0.725863260938096
"29","1",0.858340292762797
"30","1",0.985962246024144
"31","1",0.613865507881771
"32","1",0.999999990302506
"33","1",0.847456827136953
"34","1",0.590323951146292
"35","1",0.52612785792177
"36","1",0.982260120318145
"37","1",0.595824682559293
"38","1",0.595645828433492
"39","-1",0.536703658803543
"40","1",0.595645828433492
"41","1",0.677839521717849
"42","1",0.710478947217882
"43","1",0.613865507881771
"44","1",0.664684258954889
"45","1",0.743476672558929
"46","1",0.613865507881771
"47","1",0.54787450566096
"48","1",0.572733107934975
"49","1",0.788846757471213
"50","1",0.788846757471213
"51","1",0.653563319778418
