"","SVM_LABEL","SVM_PROB"
"1","1",0.794721212779419
"2","1",0.539336189336251
"3","1",0.66811469907939
"4","-1",0.638804014856165
"5","-1",0.562023561371254
"6","-1",0.559292487960355
"7","1",0.544384448896459
"8","1",0.748590509286637
"9","1",0.818363518587614
"10","1",0.613865507881771
"11","1",0.785428156859614
"12","1",0.653563319778418
"13","1",0.923160577898897
"14","1",0.543935251335284
"15","1",0.62433054350073
"16","1",0.671296729930854
"17","1",0.572908899265689
"18","1",0.613865507881771
"19","1",0.52612785792177
"20","1",0.540890361762983
"21","1",0.555372003308987
"22","1",0.572908899265689
"23","1",0.699923453056959
"24","1",0.70444398078687
"25","1",0.67696356538822
"26","-1",0.533039802729486
"27","1",0.555528719263996
"28","1",0.514677015754504
"29","-1",0.612065449070154
"30","-1",0.669883858091731
"31","1",0.770210363531527
"32","1",0.613865507881771
"33","1",0.721477825503482
"34","1",0.721477825503482
"35","1",0.721477825503482
"36","1",0.595203155688764
"37","1",0.705053471717369
"38","1",0.761075549655864
"39","1",0.695640696030119
"40","-1",0.564312834811701
"41","1",0.769957728455154
"42","1",0.790503762501687
"43","1",0.762990978690971
"44","-1",0.638804014856165
"45","1",0.581744654790448
"46","1",0.822593279052238
"47","1",0.566113679574687
"48","-1",0.691582722867112
"49","1",0.547529007334177
"50","1",0.728607166451225
"51","-1",0.550071131016581
