"","SVM_LABEL","SVM_PROB"
"1","1",0.788846757471213
"2","1",0.788846757471213
"3","1",0.842660494355909
"4","1",0.756223291088117
"5","1",0.769678779905528
"6","-1",0.517111404514623
"7","1",0.842660494355909
"8","1",0.664561378231895
"9","1",0.52612785792177
"10","1",0.52612785792177
"11","1",0.653563319778418
"12","1",0.817666585267921
"13","-1",0.814454001574603
"14","1",0.648208996485056
"15","-1",0.510265634567237
"16","1",0.654804681394426
"17","-1",0.536268429725467
"18","-1",0.508146644518294
"19","1",0.613865507881771
"20","1",0.573345940414259
"21","1",0.613865507881771
"22","1",0.52612785792177
"23","1",0.637884229819324
"24","1",0.640988800886464
"25","-1",0.74358697432824
"26","1",0.817666585267921
"27","1",0.608017023393396
"28","1",0.788846757471213
"29","1",0.788846757471213
"30","1",0.672187133910218
"31","1",0.547067334687859
"32","1",0.553068948331185
"33","1",0.848159232630799
"34","1",0.831179814662029
"35","1",0.831179814662029
"36","1",0.831179814662029
"37","1",0.616100211744845
"38","1",0.781624650957803
"39","-1",0.5
"40","1",0.796185183529728
"41","1",0.52612785792177
"42","1",0.736292114763947
"43","1",0.776611881365249
"44","1",0.764073783772718
"45","1",0.611721332991737
"46","1",0.653563319778418
"47","1",0.630127386434642
"48","1",0.524614835245094
"49","-1",0.587559924622601
"50","1",0.57809681027689
"51","1",0.508393988746393
"52","-1",0.569021302838539
"53","1",0.52612785792177
"54","1",0.892688636862173
"55","1",0.729472391098833
"56","1",0.616100211744845
"57","1",0.764073783772718
"58","1",0.764073783772718
"59","1",0.508393988746393
"60","1",0.694829158503022
"61","1",0.554821071536655
"62","1",0.756129814641546
"63","1",0.866208532830176
"64","1",0.622080594288722
"65","1",0.553068948331185
"66","1",0.644167135511701
"67","1",0.788209605797756
"68","1",0.804204573298657
"69","1",0.572791912675476
"70","-1",0.5
"71","-1",0.563838774112324
"72","1",0.648208996485056
"73","1",0.578667022542648
"74","1",0.613865507881771
"75","1",0.653563319778418
"76","1",0.630127386434642
"77","-1",0.587559924622601
"78","1",0.699825526675168
"79","1",0.564329905573383
"80","-1",0.569021302838539
"81","1",0.52612785792177
"82","1",0.659832018742619
"83","1",0.659832018742619
"84","1",0.659832018742619
"85","1",0.659832018742619
"86","1",0.659832018742619
"87","1",0.659832018742619
"88","1",0.659832018742619
"89","1",0.659832018742619
"90","1",0.659832018742619
"91","1",0.613865507881771
"92","1",0.756129814641546
