"","SVM_LABEL","SVM_PROB"
"1","1",0.613865507881771
"2","1",0.613865507881771
"3","1",0.653563319778418
"4","1",0.613865507881771
"5","1",0.653563319778418
"6","1",0.653563319778418
"7","1",0.585908382850856
"8","1",0.653563319778418
"9","1",0.613865507881771
"10","1",0.753436151568795
"11","1",0.613865507881771
"12","1",0.613865507881771
"13","1",0.627727137833541
"14","-1",0.537280653950877
