"","SVM_LABEL","SVM_PROB"
"1","1",0.616100211744845
"2","1",0.653563319778418
"3","-1",0.5
"4","1",0.667930149970467
"5","1",0.653563319778418
"6","1",0.66811469907939
"7","1",0.6826337222418
"8","1",0.755745295337567
"9","1",0.755745295337567
"10","1",0.670658858476074
"11","1",0.618263333157063
"12","1",0.818378832561153
"13","1",0.653396856843428
"14","1",0.721578107841628
"15","1",0.721578107841628
"16","-1",0.5
"17","1",0.77747816927294
"18","1",0.77747816927294
"19","1",0.77747816927294
"20","1",0.566180899951791
"21","1",0.574744839045408
"22","1",0.715607062302242
"23","1",0.550190919553543
"24","1",0.64914715115168
"25","1",0.666061632113182
"26","-1",0.55345450215609
"27","1",0.762816664975241
"28","1",0.533032832282041
"29","1",0.640988800886464
"30","1",0.715607062302242
"31","1",0.715607062302242
"32","-1",0.625235116901558
"33","-1",0.565045011908688
"34","-1",0.5
"35","1",0.650632629787779
"36","1",0.715607062302242
"37","1",0.715607062302242
"38","-1",0.55345450215609
"39","1",0.653563319778418
"40","-1",0.881214537793103
"41","1",0.614384485965882
"42","1",0.653563319778418
"43","1",0.614384485965882
"44","1",0.715607062302242
"45","1",0.616100211744845
"46","1",0.77747816927294
"47","1",0.77747816927294
"48","1",0.77747816927294
"49","1",0.64914715115168
