"","SVM_LABEL","SVM_PROB"
"1","1",0.560848726605391
"2","1",0.664335332484741
"3","1",0.574625320996325
"4","1",0.655135224345019
"5","-1",0.603389252375266
"6","1",0.613865507881771
"7","1",0.65822745034295
"8","1",0.604364803627444
"9","1",0.646228638343409
"10","1",0.61979134326243
"11","-1",0.586723639432491
