"","SVM_LABEL","SVM_PROB"
"1","1",0.652558217485646
"2","-1",0.541798913441816
"3","1",0.632150717604423
"4","1",0.653563319778418
"5","1",0.653563319778418
"6","-1",0.557833137481096
"7","1",0.600660247603092
"8","1",0.613865507881771
"9","1",0.842533109548622
"10","1",0.520251257507595
