"","SVM_LABEL","SVM_PROB"
"1","1",0.799277611488423
"2","1",0.609436696460349
"3","1",0.645597529559075
"4","1",0.511188272587993
"5","1",0.562335845167499
"6","-1",0.5140151819886
"7","1",0.589463084888668
"8","1",0.611281474775271
"9","1",0.684325110475055
"10","1",0.685461763103589
"11","1",0.705549470706784
"12","-1",0.5
"13","1",0.741787593385869
"14","1",0.828559450049054
"15","1",0.74416200556941
"16","1",0.74416200556941
"17","1",0.74416200556941
"18","1",0.74416200556941
"19","1",0.575380051016256
"20","1",0.645597529559075
"21","1",0.617566641924141
"22","1",0.613865507881771
"23","-1",0.519748294800201
"24","1",0.613865507881771
"25","-1",0.58877581744094
"26","1",0.585597304290331
"27","1",0.692746530863692
"28","1",0.692746530863692
"29","1",0.692746530863692
"30","1",0.692746530863692
"31","1",0.692746530863692
"32","1",0.692746530863692
"33","1",0.712779640383487
"34","-1",0.573145265127119
"35","1",0.562335845167499
"36","1",0.611281474775271
"37","-1",0.5
"38","-1",0.621595072617502
