"","SVM_LABEL","SVM_PROB"
"1","-1",0.532146691764997
"2","1",0.732528443358051
