"","SVM_LABEL","SVM_PROB"
"1","-1",0.665393744371127
"2","1",0.549055347752857
"3","-1",0.631643590478453
"4","1",0.590511682752519
"5","1",0.605823111173998
