"","SVM_LABEL","SVM_PROB"
"1","1",0.755876085305001
"2","1",0.656027425356589
"3","1",0.885872216554157
"4","-1",0.581058884100903
"5","1",0.755876085305001
"6","1",0.658897305797063
"7","1",0.786965256933182
"8","1",0.68082727609519
