"","SVM_LABEL","SVM_PROB"
"1","1",0.858476105052855
"2","1",0.656022480112978
"3","-1",0.74529032766298
"4","1",0.755876085305001
"5","1",0.80872219705057
"6","1",0.786965256933182
"7","1",0.598163045910458
"8","1",0.796205182863699
"9","1",0.755876085305001
"10","1",0.828348744654243
"11","1",0.864509319253064
"12","1",0.927967909632563
"13","-1",0.507389430017691
"14","1",0.664565195052496
"15","1",0.927967909632563
"16","1",0.664565195052496
"17","1",0.864509319253064
