"","SVM_LABEL","SVM_PROB"
"1","1",0.815948000565216
"2","1",0.764679778829144
"3","1",0.830120307757792
"4","1",0.72767094452917
"5","1",0.719510126320428
"6","1",0.852716299731781
"7","1",0.693089960327744
"8","1",0.817428244254582
"9","1",0.736315408529015
"10","1",0.755876085305001
"11","1",0.812849732346232
"12","1",0.755876085305001
"13","1",0.515608227102024
"14","1",0.755876085305001
"15","1",0.778810914909027
"16","-1",0.603104390364548
"17","1",0.755876085305001
"18","1",0.782744817787829
"19","1",0.817428244254582
"20","-1",0.569497806900177
"21","1",0.786965256933182
"22","1",0.56109102482744
"23","1",0.756259948829309
"24","1",0.545877807507313
"25","1",0.660558641345749
"26","1",0.755876085305001
"27","1",0.755876085305001
"28","1",0.757313821795485
"29","1",0.755876085305001
"30","1",0.873408023508803
"31","1",0.854129635888479
"32","1",0.634570306586965
"33","1",0.809063912990703
"34","1",0.745453685456191
"35","1",0.687901628915374
"36","1",0.755876085305001
"37","1",0.83174311870779
"38","1",0.775295926897621
"39","1",0.768904027218582
"40","1",0.657279178710755
"41","1",0.755876085305001
"42","-1",0.507389430017691
"43","1",0.755876085305001
"44","1",0.782241617981458
"45","1",0.830969446270894
"46","1",0.755876085305001
"47","1",0.663158231544599
"48","1",0.845784065299977
"49","1",0.755876085305001
"50","1",0.756537077111861
"51","1",0.655245003875068
"52","1",0.774125392452236
"53","1",0.722428368174802
"54","1",0.638934181154717
"55","1",0.736670908786586
"56","1",0.756537077111861
"57","1",0.546238154691062
"58","1",0.755876085305001
"59","1",0.686327196503961
"60","1",0.687803313705254
"61","1",0.755876085305001
"62","1",0.685073149648984
"63","1",0.80586801021538
"64","1",0.663158231544599
"65","1",0.876988205271144
"66","1",0.764890298181303
"67","1",0.687803313705254
"68","1",0.820393336578785
"69","1",0.881060761111316
"70","1",0.615831394470072
"71","1",0.755876085305001
"72","1",0.679914688137511
"73","1",0.663561617484411
"74","1",0.787088584340366
"75","1",0.755876085305001
"76","1",0.709821823336531
"77","1",0.679914688137511
"78","1",0.663561617484411
"79","1",0.758335883934037
"80","1",0.709821823336531
"81","1",0.77715699116167
