"","SVM_LABEL","SVM_PROB"
"1","1",0.621525778143804
"2","1",0.842185681188812
"3","1",0.755876085305001
"4","1",0.840704910313868
"5","1",0.904153231973343
"6","1",0.658897305797063
"7","1",0.806238917458285
"8","1",0.744884871395031
"9","1",0.775269226516434
"10","1",0.548140314512152
"11","1",0.725245864897858
"12","1",0.513640754243617
