"","SVM_LABEL","SVM_PROB"
"1","-1",0.5
"2","1",0.840933649288929
"3","1",0.755876085305001
"4","1",0.840933649288929
"5","1",0.800257721681982
"6","1",0.752042734701488
"7","1",0.691230843208351
"8","1",0.669303845216389
"9","1",0.755876085305001
"10","1",0.758335883934037
"11","1",0.804507764698383
"12","1",0.53583438682411
"13","-1",0.603901798510662
"14","1",0.789200519142345
"15","1",0.655074691536861
"16","1",0.53583438682411
"17","1",0.687901628915374
"18","1",0.755876085305001
"19","1",0.755876085305001
"20","-1",0.536289247827808
"21","1",0.833297779589693
"22","1",0.754718656799389
"23","1",0.819360158789065
"24","1",0.755876085305001
"25","-1",0.701082125509232
"26","1",0.755876085305001
"27","1",0.726880139463801
"28","1",0.747048181714956
"29","-1",0.559515767919168
"30","1",0.755876085305001
"31","1",0.652137103520411
"32","1",0.778536877063478
"33","1",0.800257721681982
"34","1",0.752042734701488
"35","1",0.691230843208351
"36","1",0.669303845216389
"37","1",0.615462359031818
"38","1",0.755876085305001
"39","1",0.758335883934037
"40","1",0.804507764698383
"41","1",0.615462359031818
"42","1",0.804507764698383
