"","SVM_LABEL","SVM_PROB"
"1","1",0.780515607766898
"2","1",0.755876085305001
"3","1",0.561991421788081
"4","-1",0.531782055494025
"5","1",0.958859789798989
"6","1",0.531059149654836
"7","1",0.706168242726719
"8","1",0.782744817787829
"9","1",0.862931749535597
"10","1",0.574603199557393
"11","1",0.755876085305001
"12","1",0.764283538699105
"13","1",0.661624236262027
"14","1",0.7225425461559
"15","1",0.901440665399157
"16","-1",0.507389430017691
"17","1",0.509805886752925
"18","1",0.754539535970638
