"","SVM_LABEL","SVM_PROB"
"1","1",0.644953221744432
"2","1",0.767662157092643
"3","1",0.955220336139839
"4","1",0.755876085305001
"5","1",0.717226804211226
"6","1",0.852313134394467
"7","1",0.54192387144894
"8","1",0.782744817787829
"9","1",0.678587053501401
"10","1",0.755876085305001
"11","1",0.767021003884188
"12","1",0.596288090014979
"13","1",0.755876085305001
"14","1",0.826023941183826
"15","1",0.755876085305001
"16","1",0.826023941183826
"17","1",0.755876085305001
"18","1",0.755876085305001
"19","1",0.826023941183826
"20","1",0.826023941183826
"21","1",0.717701061843243
"22","1",0.766328370417119
"23","1",0.658897305797063
"24","1",0.780199322659583
"25","1",0.663548300989794
"26","1",0.755876085305001
"27","1",0.736053077433211
"28","1",0.613912988266549
"29","1",0.549981835813099
"30","1",0.629197902295888
"31","1",0.783808673438973
"32","1",0.770417338958128
"33","1",0.755876085305001
"34","1",0.724454341677113
"35","1",0.764679778829144
"36","1",0.809331694904767
"37","1",0.788007520066983
"38","1",0.780172096383255
"39","1",0.696011799167239
"40","-1",0.594753032407076
"41","1",0.587756563481275
"42","1",0.740693041735706
"43","1",0.784757444320495
"44","1",0.757313821795485
"45","1",0.762527132805527
"46","1",0.804305196358331
"47","1",0.702540452673573
"48","1",0.956327180049639
