"","SVM_LABEL","SVM_PROB"
"1","1",0.600881104509392
"2","1",0.708858594571985
"3","1",0.596380788848881
"4","1",0.799302577867587
"5","1",0.779043899259658
