"","SVM_LABEL","SVM_PROB"
"1","1",0.955220336139839
"2","1",0.765167811903021
"3","1",0.568743864609235
