"","SVM_LABEL","SVM_PROB"
"1","1",0.809338439117683
"2","1",0.830535642559094
"3","1",0.755876085305001
"4","1",0.755876085305001
"5","1",0.830851552109718
"6","1",0.999993698516278
