"","SVM_LABEL","SVM_PROB"
"1","1",0.800091530252805
"2","1",0.75752565282436
