"","SVM_LABEL","SVM_PROB"
"1","1",0.609425605495902
"2","-1",0.5
"3","1",0.787088584340366
"4","1",0.551604195706386
"5","1",0.734184441544275
"6","1",0.868537614048473
"7","1",0.755876085305001
"8","1",0.755876085305001
