"","SVM_LABEL","SVM_PROB"
"1","1",0.715909622715238
"2","-1",0.513970801567736
"3","1",0.755876085305001
"4","1",0.734559493333715
"5","1",0.789371429370961
"6","1",0.755876085305001
"7","1",0.791715572708847
"8","1",0.701998075939069
