"","SVM_LABEL","SVM_PROB"
"1","1",0.755876085305001
"2","1",0.815948000565216
"3","1",0.659653814789859
"4","1",0.770542369782735
"5","1",0.735683798591239
