"","SVM_LABEL","SVM_PROB"
"1","1",0.866680773058228
"2","1",0.613865507881771
"3","-1",0.5
"4","-1",0.588234777881959
"5","-1",0.574824665940806
"6","1",0.904153231973343
"7","1",0.721028020254303
"8","1",0.699760067800579
"9","1",0.626572256697771
"10","1",0.670210357657637
"11","1",0.668101655224206
"12","1",0.648352413376052
"13","1",0.706153691751085
"14","1",0.654804681394426
"15","1",0.613865507881771
"16","1",0.66595838560392
"17","1",0.612962321882242
"18","1",0.830544593565859
"19","1",0.552149961499411
"20","1",0.613865507881771
"21","1",0.613865507881771
"22","1",0.613865507881771
"23","1",0.653563319778418
"24","-1",0.8005022045407
"25","1",0.679292361122173
"26","1",0.753751574474705
"27","-1",0.50719053009522
"28","1",0.550012253357811
"29","1",0.518617810934995
"30","1",0.613865507881771
"31","-1",0.758771539768623
"32","1",0.62605937112214
"33","1",0.558803057493469
"34","-1",0.725191454959673
"35","1",0.613865507881771
"36","1",0.591287238884758
"37","1",0.788846757471213
"38","1",0.788846757471213
"39","1",0.595647952000142
"40","-1",0.663103552587567
"41","1",0.611529122888296
"42","1",0.653563319778418
"43","-1",0.520865578573676
"44","1",0.755665361656544
"45","1",0.659978804928285
"46","1",0.651939032707883
"47","1",0.831179814662029
"48","1",0.842660494355909
"49","1",0.535954190316504
"50","1",0.576527371876733
"51","1",0.704913388124805
"52","1",0.731142969587428
"53","-1",0.669946910023299
"54","1",0.799281179161848
"55","1",0.613865507881771
"56","-1",0.565373961144458
"57","1",0.671296729930854
"58","1",0.847456827136953
"59","1",0.613865507881771
"60","1",0.763608140212757
"61","1",0.730208575018078
"62","1",0.704351784775603
"63","1",0.847456827136953
"64","1",0.613865507881771
"65","1",0.613865507881771
