"","SVM_LABEL","SVM_PROB"
"1","1",0.587377702416246
"2","1",0.592395856456035
"3","1",0.624626935806718
"4","1",0.640988800886464
"5","1",0.662977126872234
"6","1",0.722738393617008
"7","1",0.66595838560392
"8","1",0.511889951178982
"9","1",0.738179881002157
"10","1",0.722020255376348
"11","1",0.592208836287126
"12","1",0.720437506410591
"13","1",0.570870727560881
"14","1",0.587377702416246
"15","1",0.518617810934995
"16","1",0.660792236116214
"17","1",0.792196642925348
"18","-1",0.657406079654279
"19","1",0.653396856843428
"20","1",0.577015865802729
"21","1",0.523485501780329
"22","1",0.534669199440898
"23","1",0.653563319778418
"24","1",0.653563319778418
"25","1",0.653563319778418
"26","1",0.520574922329785
"27","1",0.741449586131385
"28","-1",0.817044294283869
"29","1",0.658106968389995
"30","1",0.655490625146388
"31","1",0.735368397593083
"32","-1",0.666681191268187
"33","-1",0.551675870274829
"34","1",0.612592522864547
"35","1",0.721490304583838
"36","1",0.682354785201809
"37","-1",0.556020258506495
