"","SVM_LABEL","SVM_PROB"
"1","1",0.613865507881771
"2","1",0.679808270645334
"3","1",0.613865507881771
"4","1",0.60253226538089
"5","1",0.556216270526845
"6","1",0.613865507881771
"7","1",0.738892429621129
"8","1",0.613865507881771
"9","1",0.788846757471213
"10","1",0.788846757471213
"11","1",0.521807538539369
"12","-1",0.544561583422185
"13","-1",0.670385316161228
"14","1",0.788846757471213
"15","-1",0.5
"16","1",0.613865507881771
"17","1",0.654804681394426
"18","1",0.588196163437856
