"","SVM_LABEL","SVM_PROB"
"1","1",0.613865507881771
"2","1",0.587849118164311
"3","1",0.554054232748209
"4","1",0.521559122256332
"5","1",0.788846757471213
"6","1",0.788846757471213
"7","1",0.561739584491966
"8","-1",0.633413129079436
"9","1",0.82254050854139
"10","1",0.788846757471213
"11","-1",0.671440850745165
"12","1",0.613865507881771
"13","1",0.645705747145474
