"","SVM_LABEL","SVM_PROB"
"1","1",0.898682002294723
"2","1",0.704455991455967
"3","1",0.822544423262526
"4","1",0.898682002294723
"5","1",0.704455991455967
"6","1",0.822544423262526
"7","1",0.715607062302242
"8","1",0.74416200556941
"9","1",0.74416200556941
"10","1",0.74416200556941
"11","-1",0.810932016919735
"12","1",0.604756923210632
"13","1",0.592673916798963
"14","1",0.604756923210632
"15","1",0.604756923210632
"16","1",0.604756923210632
"17","1",0.695983512674022
"18","1",0.768691208964858
"19","1",0.715607062302242
"20","1",0.8010940186681
"21","1",0.685608089160275
"22","1",0.76353736025619
"23","1",0.629260102203536
"24","1",0.621323439723913
"25","1",0.621323439723913
"26","1",0.630458653167665
"27","1",0.641997280627761
"28","1",0.687919101312161
"29","1",0.717664116257287
"30","1",0.717664116257287
"31","1",0.717664116257287
"32","1",0.717664116257287
"33","1",0.717664116257287
"34","1",0.717664116257287
"35","1",0.8726199119735
"36","-1",0.613387455494852
"37","1",0.750114391440349
"38","1",0.653396856843428
"39","1",0.768691208964858
"40","1",0.654038076653283
"41","1",0.868649884098521
"42","1",0.807043152598755
"43","1",0.724877704306305
"44","1",0.647719611924228
"45","1",0.611244885127308
"46","-1",0.742933961490751
"47","-1",0.742933961490751
"48","1",0.676562915914949
"49","1",0.720826800635488
"50","1",0.733489254187198
"51","1",0.733489254187198
"52","-1",0.810932016919735
"53","-1",0.705711268518313
"54","1",0.765763535750209
"55","1",0.715607062302242
"56","1",0.8010940186681
"57","1",0.898682002294723
"58","1",0.704455991455967
"59","1",0.822544423262526
"60","1",0.768691208964858
"61","1",0.629260102203536
"62","1",0.647719611924228
"63","1",0.620569172644279
"64","1",0.580721425168206
