"","SVM_LABEL","SVM_PROB"
"1","1",0.758615308768931
"2","1",0.760972215765447
"3","1",0.760972215765447
"4","1",0.758615308768931
