"","SVM_LABEL","SVM_PROB"
"1","1",0.832436832187827
"2","1",0.799249776658484
"3","1",0.824124786361131
"4","1",0.755876085305001
"5","1",0.789797221096032
"6","1",0.805699941022011
"7","1",0.725245864897858
"8","1",0.569654386734556
"9","1",0.755876085305001
"10","1",0.864168889871166
