"","SVM_LABEL","SVM_PROB"
"1","1",0.755876085305001
"2","1",0.830974109619125
"3","-1",0.54790849453707
"4","1",0.83663779043652
