"","SVM_LABEL","SVM_PROB"
"1","1",0.709211237126924
"2","1",0.789371429370961
"3","1",0.789371429370961
"4","1",0.755876085305001
"5","1",0.700343006079073
"6","1",0.755876085305001
"7","1",0.701804466327509
"8","1",0.820386879779692
"9","1",0.820386879779692
"10","-1",0.5
"11","1",0.850883597619796
"12","1",0.867665331847875
"13","1",0.769707240497504
"14","1",0.888462813009741
"15","1",0.755876085305001
"16","1",0.771363085101196
"17","1",0.831451234553919
"18","1",0.831451234553919
"19","1",0.655351592479175
"20","1",0.881877912532379
"21","1",0.820386879779692
"22","1",0.820386879779692
"23","1",0.820386879779692
"24","1",0.820386879779692
"25","1",0.851846665013512
"26","-1",0.51050820765722
"27","1",0.64820435007253
"28","1",0.778895672239402
"29","1",0.835645446872892
"30","1",0.837860455684643
"31","1",0.786965256933182
"32","1",0.755876085305001
"33","1",0.655351592479175
