"","SVM_LABEL","SVM_PROB"
"1","1",0.75752565282436
"2","1",0.731533221909875
"3","1",0.71055198997765
"4","1",0.713571165271877
"5","1",0.831451234553919
"6","1",0.831451234553919
