"","SVM_LABEL","SVM_PROB"
"1","1",0.645502812116842
"2","1",0.753915662719797
"3","1",0.755876085305001
"4","1",0.82822371029167
"5","1",0.78729808777054
"6","1",0.755876085305001
"7","-1",0.766213713614352
"8","-1",0.524823416201002
"9","1",0.755876085305001
"10","1",0.921983888494348
"11","1",0.755876085305001
"12","-1",0.580697880527514
"13","1",0.755876085305001
"14","-1",0.54790849453707
"15","1",0.766125220478571
"16","1",0.693514755947646
"17","1",0.755876085305001
"18","-1",0.564897245322446
"19","-1",0.912856252663523
