"","SVM_LABEL","SVM_PROB"
"1","1",0.755876085305001
"2","1",0.83323706743917
"3","1",0.755876085305001
"4","1",0.71470370202636
"5","1",0.789254225529448
"6","1",0.536671788801911
"7","1",0.859870449875903
"8","1",0.653882933582506
"9","1",0.669229786782179
"10","1",0.780430826956257
"11","1",0.613376308980555
"12","1",0.790851932479083
"13","1",0.756259948829309
"14","1",0.831451234553919
"15","1",0.831451234553919
"16","1",0.831451234553919
"17","1",0.831451234553919
"18","1",0.831451234553919
"19","1",0.764679778829144
"20","1",0.820531678646135
"21","-1",0.655981104091967
"22","1",0.651018493760947
"23","1",0.744575639026041
"24","1",0.865943129296611
"25","1",0.677184645740559
"26","1",0.777483175671113
"27","1",0.655351592479175
"28","1",0.755876085305001
"29","1",0.83663779043652
"30","1",0.858251154586165
"31","1",0.824910346690257
"32","1",0.775295926897621
"33","1",0.81393051498259
"34","1",0.726177099060257
"35","1",0.788164973719878
"36","1",0.788164973719878
"37","1",0.788164973719878
"38","1",0.755876085305001
"39","1",0.604364286998834
"40","1",0.755876085305001
"41","-1",0.655981104091967
"42","1",0.604364286998834
"43","1",0.706779249551064
"44","1",0.764679778829144
"45","1",0.755876085305001
"46","1",0.755876085305001
"47","1",0.604364286998834
"48","1",0.755876085305001
"49","1",0.871008979904909
"50","1",0.871008979904909
"51","1",0.528611187673622
"52","1",0.871008979904909
"53","1",0.871008979904909
"54","1",0.871008979904909
