"","SVM_LABEL","SVM_PROB"
"1","1",0.854086710355433
"2","1",0.975016776489294
"3","1",0.975016776489294
"4","1",0.967666662790483
"5","1",0.967666662790483
