"","SVM_LABEL","SVM_PROB"
"1","1",0.557004598840604
"2","1",0.790163316051462
"3","1",0.780430826956257
"4","1",0.926762491682856
"5","1",0.790938196765624
"6","1",0.740883796616283
"7","1",0.755876085305001
"8","1",0.829854464414509
"9","1",0.908530511314962
"10","1",0.92859845160419
"11","1",0.692201008580929
"12","1",0.881315547642619
"13","1",0.704589397316608
"14","1",0.739819408364092
"15","1",0.738159645749051
"16","1",0.542639844164833
"17","1",0.598905124706214
"18","1",0.837265172377889
"19","1",0.738159645749051
"20","1",0.719039983235646
"21","1",0.831451234553919
"22","1",0.816478649790111
"23","1",0.764726449497797
"24","1",0.755876085305001
"25","1",0.755876085305001
"26","1",0.824034440224865
"27","1",0.788217755361286
"28","1",0.811278363682298
"29","1",0.633003734882166
"30","1",0.837389285710022
"31","1",0.816478649790111
"32","1",0.764726449497797
