"","SVM_LABEL","SVM_PROB"
"1","1",0.747602959768753
"2","1",0.527662255212911
