"","SVM_LABEL","SVM_PROB"
"1","1",0.528620573307375
"2","1",0.930910472628967
"3","1",0.719202282271811
"4","1",0.532530930354799
"5","1",0.828448097986968
"6","1",0.7225425461559
"7","1",0.755876085305001
"8","1",0.53583438682411
"9","1",0.831451234553919
"10","1",0.715920903772458
"11","1",0.756957404577484
"12","1",0.725566728416188
"13","1",0.755876085305001
"14","1",0.930910472628967
"15","1",0.756957404577484
"16","1",0.528620573307375
"17","1",0.800229402084431
