"","SVM_LABEL","SVM_PROB"
"1","1",0.767513631005231
"2","1",0.838877000448335
"3","1",0.64669418170158
"4","1",0.767513631005231
"5","1",0.767513631005231
