"","SVM_LABEL","SVM_PROB"
"1","1",0.552519556422896
"2","1",0.733431577013723
"3","1",0.786473838235224
"4","1",0.603491224315275
"5","1",0.603491224315275
"6","1",0.603491224315275
