"","SVM_LABEL","SVM_PROB"
"1","1",0.620045187557801
"2","-1",0.528132957124447
"3","1",0.856711757759408
"4","1",0.840597889991406
"5","1",0.856711757759408
"6","1",0.840597889991406
