"","SVM_LABEL","SVM_PROB"
"1","1",0.755876085305001
"2","1",0.786965256933182
"3","1",0.755876085305001
"4","1",0.786965256933182
"5","1",0.83085849551692
"6","1",0.525273559393451
"7","1",0.85700430386762
"8","1",0.794024383105838
"9","-1",0.51390227630574
"10","1",0.724143950025821
"11","1",0.637510658252376
"12","1",0.734423865804461
"13","1",0.802134951879337
"14","1",0.525273559393451
"15","1",0.794024383105838
"16","-1",0.51390227630574
