"","SVM_LABEL","SVM_PROB"
"1","1",0.831451234553919
"2","1",0.831451234553919
"3","1",0.831451234553919
"4","-1",0.526602162865021
"5","1",0.755876085305001
"6","1",0.778403453758556
"7","1",0.52078898088012
"8","1",0.80586801021538
"9","1",0.776776326538183
"10","1",0.781626395509649
"11","1",0.730433375354309
"12","1",0.755876085305001
"13","1",0.831451234553919
"14","1",0.831451234553919
"15","1",0.831451234553919
"16","1",0.831451234553919
"17","1",0.678877707694514
"18","1",0.80586801021538
"19","1",0.776776326538183
"20","1",0.781626395509649
"21","1",0.755876085305001
"22","1",0.989619568173359
"23","1",0.717701061843243
"24","1",0.755876085305001
"25","1",0.80586801021538
"26","1",0.776776326538183
"27","1",0.781626395509649
"28","-1",0.526602162865021
"29","1",0.831451234553919
"30","1",0.52078898088012
"31","1",0.730433375354309
