"","SVM_LABEL","SVM_PROB"
"1","1",0.933700881861581
"2","1",0.786641018004918
"3","1",0.755876085305001
"4","1",0.659256640312022
"5","1",0.697957296837523
