"","SVM_LABEL","SVM_PROB"
"1","1",0.831451234553919
"2","1",0.831451234553919
"3","1",0.831451234553919
"4","1",0.831451234553919
"5","1",0.761540733035838
"6","1",0.761540733035838
"7","1",0.794406850663583
