"","SVM_LABEL","SVM_PROB"
"1","1",0.755876085305001
"2","1",0.577304511170747
