"","SVM_LABEL","SVM_PROB"
"1","1",0.778536877063478
"2","1",0.744844841145322
"3","1",0.879287177309587
"4","1",0.704695121206681
"5","1",0.759274576755444
"6","1",0.795084915269336
"7","-1",0.738281364679611
"8","1",0.7225425461559
"9","1",0.67801541120296
"10","1",0.742111592282727
"11","1",0.926715811308945
"12","1",0.644971204026374
"13","1",0.602991001620421
"14","1",0.814864443638115
"15","1",0.57717653751489
"16","1",0.887751747457267
"17","1",0.899592378862049
"18","-1",0.618414355306382
"19","1",0.64689100924761
"20","1",0.943867695906183
"21","1",0.755876085305001
"22","1",0.678877707694514
"23","1",0.853290841835702
"24","1",0.755876085305001
"25","1",0.755876085305001
"26","1",0.755876085305001
"27","1",0.734764036904115
"28","-1",0.627236403014654
"29","1",0.627198422530701
"30","-1",0.697386406987294
"31","1",0.550481682718213
"32","1",0.753993407100951
"33","1",0.766328370417119
"34","1",0.766328370417119
"35","1",0.536510222103888
"36","1",0.795274073201784
"37","1",0.755876085305001
"38","1",0.795076947217286
"39","1",0.782744817787829
"40","1",0.841915308433706
"41","1",0.841915308433706
"42","-1",0.747659104288388
"43","1",0.788007520066983
"44","1",0.867996337358083
"45","1",0.802194881028058
"46","1",0.755876085305001
"47","1",0.791715572708847
"48","1",0.786823576917758
"49","1",0.66032626574631
"50","1",0.566217084465337
"51","1",0.815948000565216
"52","1",0.780320415730099
"53","1",0.802542096830022
