"","SVM_LABEL","SVM_PROB"
"1","1",0.755241339775042
"2","1",0.890913763646199
