"","SVM_LABEL","SVM_PROB"
"1","1",0.714308242114366
"2","1",0.760972215765447
"3","1",0.894882030658908
"4","1",0.818830814345256
"5","1",0.660558641345749
"6","1",0.853725603188546
"7","-1",0.521049402055579
"8","1",0.888793025983519
"9","1",0.869156416585504
"10","1",0.833975882337415
"11","1",0.60641863130276
"12","1",0.853725603188546
"13","1",0.773731495813002
"14","1",0.815469658036823
"15","1",0.835320661077556
"16","1",0.835320661077556
"17","1",0.760972215765447
"18","1",0.853725603188546
"19","1",0.773731495813002
