"","SVM_LABEL","SVM_PROB"
"1","1",0.826023941183826
"2","1",0.674584307396222
"3","1",0.755876085305001
"4","1",0.863482610341716
