"","SVM_LABEL","SVM_PROB"
"1","1",0.573468405802685
"2","1",0.704764252524647
"3","1",0.774384503158386
"4","1",0.586122277757206
"5","1",0.828084462871852
"6","1",0.71145739055117
"7","1",0.724074939186827
"8","1",0.704589397316608
"9","1",0.813208284566824
"10","1",0.755876085305001
"11","1",0.725109007730157
"12","1",0.786128121120551
"13","1",0.728003555095178
"14","1",0.755876085305001
"15","1",0.618692888943919
"16","1",0.71145739055117
"17","1",0.704589397316608
"18","1",0.704589397316608
"19","1",0.755876085305001
"20","1",0.725109007730157
"21","1",0.786128121120551
"22","1",0.728003555095178
"23","1",0.755876085305001
