"","SVM_LABEL","SVM_PROB"
"1","1",0.755876085305001
"2","1",0.916617557511178
"3","1",0.802920757132669
"4","1",0.9409740948596
"5","1",0.791261183145444
"6","1",0.9409740948596
"7","1",0.791261183145444
"8","-1",0.531782055494025
"9","1",0.794657039265518
"10","1",0.788312224883873
"11","-1",0.5
"12","1",0.755876085305001
"13","-1",0.531782055494025
"14","1",0.755876085305001
"15","1",0.916617557511178
"16","1",0.802920757132669
"17","-1",0.74987217538474
