"","SVM_LABEL","SVM_PROB"
"1","1",0.761376813557131
"2","1",0.831451234553919
"3","1",0.786169947349838
