"","SVM_LABEL","SVM_PROB"
"1","1",0.775295926897621
"2","1",0.736053077433211
"3","1",0.736053077433211
