"","SVM_LABEL","SVM_PROB"
"1","-1",0.667301337179468
"2","1",0.791715572708847
"3","1",0.791715572708847
"4","1",0.791715572708847
"5","1",0.791715572708847
"6","1",0.791715572708847
"7","1",0.955220336139839
"8","1",0.791715572708847
"9","1",0.791715572708847
"10","1",0.796268611806915
"11","1",0.796268611806915
"12","1",0.796268611806915
"13","1",0.796268611806915
