"","SVM_LABEL","SVM_PROB"
"1","1",0.897625547025737
"2","1",0.794024383105838
"3","1",0.755876085305001
"4","1",0.755876085305001
"5","1",0.751214590131193
"6","1",0.637502830524057
"7","1",0.852692788642436
"8","1",0.765751499801688
"9","1",0.672232899945728
"10","1",0.656022480112978
"11","1",0.644318114374994
