"","SVM_LABEL","SVM_PROB"
"1","1",0.646275948018952
"2","1",0.766795304387354
"3","1",0.802923294600252
"4","1",0.831754116918132
"5","1",0.871930742789385
"6","1",0.69003363114844
