"","SVM_LABEL","SVM_PROB"
"1","1",0.721232210244364
"2","-1",0.64564484774035
"3","1",0.715607062302242
"4","1",0.715607062302242
"5","1",0.715607062302242
"6","1",0.715607062302242
"7","1",0.715607062302242
"8","1",0.715607062302242
"9","1",0.60082546528278
"10","-1",0.706340838722381
"11","1",0.715607062302242
"12","1",0.740719355796564
"13","1",0.715607062302242
"14","1",0.715607062302242
"15","1",0.715607062302242
"16","1",0.715607062302242
"17","1",0.740719355796564
"18","1",0.740719355796564
"19","-1",0.565290398078045
"20","1",0.613865507881771
"21","-1",0.706340838722381
"22","1",0.715607062302242
