"","SVM_LABEL","SVM_PROB"
"1","1",0.855414130391221
"2","1",0.613865507881771
"3","-1",0.810611749982433
"4","1",0.803543284969875
"5","1",0.613865507881771
"6","1",0.562117228445016
"7","1",0.562117228445016
"8","1",0.562117228445016
"9","1",0.540137407098216
"10","-1",0.546092820822012
"11","-1",0.546092820822012
"12","-1",0.546092820822012
"13","1",0.855414130391221
"14","1",0.538886665379078
"15","1",0.799523809261389
"16","1",0.613865507881771
"17","1",0.562117228445016
"18","1",0.52612785792177
"19","1",0.789599519529253
"20","-1",0.810611749982433
"21","-1",0.535106651048118
"22","-1",0.542622865015028
"23","1",0.528530803615786
"24","1",0.511985799251197
"25","-1",0.568785209757311
"26","1",0.613865507881771
"27","1",0.654804681394426
