"","SVM_LABEL","SVM_PROB"
"1","1",0.874570195108958
"2","1",0.749159090339479
"3","1",0.874570195108958
"4","1",0.673343203800486
"5","1",0.706799724083854
"6","1",0.647045218798388
"7","1",0.613865507881771
"8","1",0.640988800886464
"9","1",0.646228638343409
"10","1",0.534955571924916
"11","-1",0.52168504362304
"12","1",0.598552795204917
"13","1",0.977541385170422
"14","1",0.874570195108958
"15","1",0.514133878804598
"16","1",0.715607062302242
"17","1",0.874570195108958
"18","1",0.730902484725488
"19","1",0.730902484725488
"20","1",0.613865507881771
"21","1",0.640988800886464
"22","-1",0.530110789783259
"23","-1",0.52168504362304
"24","-1",0.5
"25","1",0.731159996702989
"26","1",0.799884339041086
"27","1",0.799884339041086
"28","1",0.616236625214305
"29","1",0.613865507881771
"30","1",0.613865507881771
"31","1",0.617725298223667
"32","-1",0.627844472456786
"33","1",0.723172453607504
"34","1",0.613865507881771
"35","1",0.673343203800486
"36","1",0.720760992005852
"37","1",0.633997562704141
"38","1",0.617725298223667
"39","1",0.613865507881771
"40","1",0.886941515839912
"41","1",0.831132702031481
"42","1",0.886941515839912
"43","1",0.886941515839912
"44","1",0.831132702031481
"45","1",0.886941515839912
"46","1",0.514133878804598
"47","1",0.648974460315096
