"","SVM_LABEL","SVM_PROB"
"1","1",0.715607062302242
"2","1",0.715607062302242
"3","1",0.613865507881771
"4","-1",0.75693668892221
"5","1",0.613865507881771
"6","1",0.622949835606645
