"","SVM_LABEL","SVM_PROB"
"1","1",0.760790509570011
"2","1",0.760790509570011
"3","-1",0.649235175298576
"4","1",0.705053471717369
"5","1",0.66300553308293
"6","1",0.75984546363394
"7","-1",0.624108809759757
"8","1",0.880654512546852
"9","1",0.732746717917703
"10","1",0.64513067168307
