"","SVM_LABEL","SVM_PROB"
"1","1",0.811142904555034
"2","1",0.740719355796564
"3","1",0.740719355796564
"4","1",0.740719355796564
"5","1",0.811142904555034
"6","1",0.811142904555034
"7","1",0.870052935021701
