"","SVM_LABEL","SVM_PROB"
"1","1",0.648108556234651
"2","1",0.613865507881771
"3","1",0.613865507881771
"4","1",0.820906141379051
"5","1",0.820906141379051
"6","1",0.820906141379051
"7","1",0.715607062302242
"8","1",0.715607062302242
"9","1",0.607589129398394
"10","1",0.715607062302242
"11","1",0.538960448927602
"12","1",0.715607062302242
"13","1",0.613865507881771
"14","1",0.795390860182178
"15","1",0.795390860182178
"16","1",0.896279860108347
"17","1",0.698094259851181
"18","1",0.721232210244364
"19","1",0.721232210244364
"20","1",0.721232210244364
"21","1",0.848801324349155
"22","1",0.650422271281983
"23","1",0.680596855359352
"24","-1",0.739246647702115
"25","1",0.648108556234651
"26","1",0.56587052521836
"27","1",0.734445078658416
"28","1",0.64914715115168
"29","1",0.662977126872234
"30","1",0.662977126872234
"31","1",0.799161138854545
"32","1",0.65049982272981
"33","-1",0.543887833081678
