"","SVM_LABEL","SVM_PROB"
"1","1",0.755665361656544
"2","1",0.934916162640188
"3","1",0.904742925704999
"4","1",0.632990493055991
"5","1",0.557144103696438
"6","1",0.671296729930854
"7","1",0.822544423262526
"8","1",0.822544423262526
"9","1",0.822544423262526
"10","1",0.715607062302242
"11","1",0.715607062302242
"12","1",0.715607062302242
"13","1",0.752804226731279
"14","1",0.758563931456641
"15","1",0.671296729930854
"16","1",0.729472391098833
"17","1",0.729472391098833
"18","1",0.641997280627761
"19","1",0.623928752855975
"20","1",0.613865507881771
"21","1",0.74416200556941
"22","1",0.735945376248082
"23","1",0.587829902978869
"24","1",0.846071984322325
"25","1",0.547683600755175
"26","1",0.542657837117753
"27","1",0.715607062302242
"28","-1",0.5
"29","-1",0.5
"30","1",0.613865507881771
"31","1",0.723155179437419
"32","1",0.653563319778418
"33","1",0.658447811933406
"34","-1",0.627844472456786
"35","1",0.781644802614196
"36","1",0.613865507881771
"37","1",0.613865507881771
"38","1",0.514133878804598
"39","1",0.630478656737733
"40","1",0.757109985983956
"41","1",0.729472391098833
"42","1",0.74416200556941
"43","-1",0.541229850375077
"44","-1",0.633440313349509
"45","1",0.810471949667869
"46","1",0.550891382806285
"47","1",0.613865507881771
"48","1",0.529462928983028
"49","1",0.646228638343409
"50","1",0.613865507881771
"51","1",0.616100211744845
"52","1",0.514133878804598
"53","1",0.613865507881771
"54","1",0.578239303093198
"55","1",0.593708480730639
"56","1",0.732215182133543
"57","1",0.574225769345618
"58","1",0.564910520726803
"59","1",0.664684258954889
"60","1",0.679808270645334
"61","1",0.564609554586583
"62","1",0.750200030750138
"63","1",0.524635197921069
"64","-1",0.577338824282521
"65","1",0.562187216662036
"66","1",0.613865507881771
"67","1",0.692109123366691
"68","1",0.521559122256332
"69","1",0.613865507881771
"70","1",0.613865507881771
"71","1",0.883053821582646
"72","-1",0.519548400916432
"73","1",0.74305618222331
"74","-1",0.657922407618347
"75","1",0.620808140502969
"76","1",0.620808140502969
"77","1",0.613865507881771
"78","1",0.608078101580416
"79","1",0.670704515325578
"80","1",0.662491114968851
"81","1",0.74416200556941
"82","1",0.715607062302242
"83","1",0.630478656737733
