"","SVM_LABEL","SVM_PROB"
"1","1",0.740719355796564
"2","1",0.740719355796564
"3","1",0.795390860182178
"4","1",0.661920298512818
"5","-1",0.524071642636852
"6","-1",0.535878863094255
"7","1",0.706819838417377
"8","1",0.520540716215907
"9","1",0.706819838417377
"10","1",0.706819838417377
"11","1",0.706819838417377
"12","1",0.706819838417377
"13","1",0.680414501372047
"14","1",0.613865507881771
"15","1",0.564340017772965
"16","1",0.715607062302242
"17","1",0.715607062302242
"18","1",0.706008012758906
"19","1",0.706008012758906
"20","1",0.860535844494243
"21","1",0.734098677852788
"22","1",0.860535844494243
"23","1",0.734098677852788
"24","1",0.860535844494243
"25","1",0.860535844494243
"26","1",0.721232210244364
"27","1",0.721232210244364
"28","1",0.749420926990958
"29","1",0.749420926990958
"30","1",0.715607062302242
"31","1",0.715607062302242
"32","1",0.752606974929243
"33","1",0.752606974929243
"34","1",0.613865507881771
"35","-1",0.530141219974407
"36","1",0.740719355796564
"37","-1",0.530110789783259
"38","1",0.613865507881771
"39","1",0.650422271281983
"40","-1",0.647710986849127
"41","1",0.706819838417377
"42","1",0.836239831730624
"43","1",0.613865507881771
"44","1",0.740719355796564
"45","1",0.740719355796564
"46","1",0.706819838417377
"47","1",0.706819838417377
"48","1",0.740719355796564
