"","SVM_LABEL","SVM_PROB"
"1","1",0.613865507881771
"2","1",0.840292212543183
"3","1",0.773327334068431
"4","1",0.631991031036043
