"","SVM_LABEL","SVM_PROB"
"1","1",0.753315641983482
"2","1",0.795345755387632
"3","1",0.715607062302242
