"","SVM_LABEL","SVM_PROB"
"1","1",0.671296729930854
"2","1",0.630478656737733
"3","1",0.65186850757162
"4","-1",0.519548400916432
"5","1",0.715607062302242
"6","1",0.854806816116529
"7","1",0.547683600755175
"8","1",0.547683600755175
"9","1",0.662977126872234
"10","-1",0.509446603102613
"11","-1",0.697331864923392
"12","1",0.60082546528278
"13","1",0.669506029511621
"14","-1",0.620804241297327
"15","1",0.592170411232232
"16","1",0.641997280627761
"17","1",0.613865507881771
"18","1",0.745517929251441
"19","1",0.715607062302242
"20","1",0.715607062302242
"21","1",0.630478656737733
"22","1",0.506510657191996
"23","1",0.61893930335966
"24","1",0.646567857020799
"25","1",0.696938380390522
"26","1",0.715607062302242
"27","1",0.669506029511621
"28","1",0.60082546528278
