"","SVM_LABEL","SVM_PROB"
"1","1",0.613865507881771
"2","1",0.712568175774398
"3","1",0.521559122256332
"4","1",0.715607062302242
"5","1",0.767625220271989
"6","1",0.76482186858942
"7","1",0.825313416802704
"8","1",0.662977126872234
"9","1",0.715607062302242
"10","1",0.613865507881771
"11","1",0.613865507881771
"12","-1",0.517697072971265
"13","1",0.541153940676881
"14","1",0.613865507881771
"15","1",0.505828382219412
"16","1",0.696139276655595
"17","-1",0.590567651146409
"18","1",0.550916448771067
"19","1",0.643556205604025
"20","1",0.613865507881771
"21","1",0.767088358065905
"22","1",0.57074945001445
"23","1",0.519015330767904
"24","1",0.7685294785143
"25","1",0.694613874429131
"26","1",0.692527165468106
"27","-1",0.544212518018177
"28","1",0.613865507881771
"29","1",0.574225769345618
"30","1",0.544384448896459
"31","1",0.613865507881771
"32","1",0.715607062302242
"33","1",0.505828382219412
"34","1",0.696139276655595
"35","1",0.550916448771067
"36","1",0.643556205604025
"37","1",0.613865507881771
"38","1",0.767088358065905
"39","1",0.57074945001445
"40","1",0.519015330767904
"41","1",0.7685294785143
"42","1",0.694613874429131
"43","1",0.692527165468106
"44","1",0.680945463694621
"45","1",0.518998166116405
"46","1",0.62435279999285
"47","1",0.717760653438311
"48","-1",0.597836610999107
"49","1",0.577669218614298
"50","-1",0.544212518018177
"51","1",0.574225769345618
"52","-1",0.562222985147188
"53","1",0.518998166116405
