"","SVM_LABEL","SVM_PROB"
"1","1",0.613865507881771
"2","1",0.659379510874305
