"","SVM_LABEL","SVM_PROB"
"1","-1",0.5186483793215
"2","-1",0.698817945315664
"3","1",0.832129423550107
"4","1",0.571511808111241
"5","-1",0.672023090636639
"6","1",0.585469189471034
