"","SVM_LABEL","SVM_PROB"
"1","1",0.74566871529799
"2","1",0.80880209650535
"3","1",0.730902484725488
"4","1",0.613865507881771
"5","1",0.613865507881771
