"","SVM_LABEL","SVM_PROB"
"1","1",0.712966627036638
"2","1",0.689680741448061
"3","1",0.545166985677858
"4","1",0.796190373038997
"5","1",0.741854529090459
"6","1",0.741854529090459
"7","1",0.77562471381555
"8","1",0.77562471381555
