"","SVM_LABEL","SVM_PROB"
"1","1",0.82706718459654
"2","1",0.715607062302242
