"","SVM_LABEL","SVM_PROB"
"1","1",0.538872911144626
"2","1",0.715607062302242
"3","1",0.715607062302242
"4","1",0.715607062302242
"5","1",0.715607062302242
"6","-1",0.713438049062764
"7","-1",0.697536091602311
"8","1",0.522810775947762
"9","1",0.602489505433403
