"","SVM_LABEL","SVM_PROB"
"1","1",0.853474582550407
"2","1",0.650441009191016
"3","1",0.853474582550407
"4","1",0.650441009191016
"5","1",0.650441009191016
"6","1",0.650441009191016
"7","1",0.86859762134831
"8","1",0.853474582550407
"9","1",0.897625547025737
"10","1",0.613865507881771
"11","1",0.652564771722828
"12","-1",0.586772566270419
"13","1",0.686917627706226
"14","1",0.73445913555144
"15","1",0.73445913555144
"16","1",0.73445913555144
"17","1",0.73445913555144
"18","1",0.537405380297474
"19","1",0.671296729930854
"20","1",0.631369156870119
"21","1",0.552269836375457
"22","1",0.723330458674944
"23","1",0.613865507881771
"24","1",0.629895837223237
"25","1",0.511188272587993
"26","-1",0.507149883726827
"27","1",0.613865507881771
"28","1",0.55596529479142
"29","1",0.53026757165142
"30","1",0.741935717359726
"31","1",0.686585662482184
"32","1",0.670658858476074
"33","1",0.613865507881771
"34","1",0.620955985950526
"35","1",0.634175154342663
"36","1",0.588693784317524
"37","1",0.895333539079842
"38","1",0.670658858476074
"39","1",0.826583649668556
"40","1",0.59262793182832
"41","1",0.724651048223627
"42","1",0.670658858476074
"43","1",0.670658858476074
"44","1",0.613865507881771
"45","1",0.644596302590371
"46","1",0.613865507881771
"47","1",0.715607062302242
"48","1",0.670704515325578
"49","1",0.613865507881771
"50","1",0.677243742947147
"51","1",0.523372791329109
"52","1",0.514677015754504
"53","1",0.799165562966107
"54","1",0.726310776647177
"55","1",0.92411698071704
