"","SVM_LABEL","SVM_PROB"
"1","1",0.780929083803526
"2","-1",0.61133364003126
"3","1",0.613865507881771
