"","SVM_LABEL","SVM_PROB"
"1","1",0.580721425168206
"2","1",0.653563319778418
"3","1",0.735230678587305
