"","SVM_LABEL","SVM_PROB"
"1","1",0.755876085305001
"2","1",0.851589667651262
"3","1",0.747154064035674
"4","1",0.755876085305001
"5","-1",0.5
"6","-1",0.58063203702619
"7","1",0.916954251263905
"8","1",0.852818002786868
"9","1",0.756186899304895
"10","1",0.770172767607265
"11","1",0.703599894745359
