"","SVM_LABEL","SVM_PROB"
"1","1",0.755876085305001
"2","1",0.935555705020348
"3","1",0.755876085305001
"4","1",0.755876085305001
"5","1",0.671093973317273
"6","1",0.755876085305001
"7","1",0.692075136716504
"8","1",0.755876085305001
"9","1",0.554558347418833
"10","-1",0.549413307509091
"11","1",0.687901628915374
"12","1",0.663665137598237
"13","1",0.785510503595052
"14","1",0.755876085305001
"15","-1",0.526771688447754
"16","1",0.825265103169898
"17","1",0.764679778829144
"18","1",0.574605926844286
"19","1",0.789371429370961
"20","1",0.879945114467981
"21","1",0.879945114467981
"22","1",0.807607942016897
"23","1",0.666512793125357
"24","1",0.796205182863699
"25","1",0.775295926897621
"26","1",0.728003555095178
"27","1",0.849532039406946
"28","1",0.755876085305001
"29","1",0.824979597713291
"30","1",0.755876085305001
"31","1",0.747639558737964
"32","1",0.787088584340366
"33","1",0.755876085305001
"34","1",0.692075136716504
"35","1",0.795253998324999
"36","1",0.663665137598237
