"","SVM_LABEL","SVM_PROB"
"1","1",0.50582741167377
"2","1",0.733762187335356
"3","1",0.846877964926871
"4","1",0.840593180629195
"5","1",0.865380014898592
"6","1",0.730433375354309
"7","1",0.61638635050286
"8","1",0.892480007992388
"9","1",0.538608018806409
"10","1",0.859483407960047
"11","1",0.747154064035674
"12","1",0.755876085305001
"13","1",0.755876085305001
