"","SVM_LABEL","SVM_PROB"
"1","1",0.720898653010327
"2","1",0.704589397316608
"3","1",0.745922746247622
"4","1",0.786965256933182
"5","1",0.784483508497143
"6","1",0.663968336551457
"7","1",0.756537077111861
"8","1",0.720946881787648
"9","1",0.721797239679231
"10","1",0.682932911535591
"11","1",0.607461175704512
"12","1",0.764841357791999
"13","1",0.723361965479895
"14","1",0.838487821849998
"15","1",0.704589397316608
"16","1",0.745922746247622
