"","SVM_LABEL","SVM_PROB"
"1","1",0.69737159485984
"2","-1",0.603821765222472
"3","1",0.886711073505432
"4","1",0.910413857351696
"5","1",0.879945114467981
"6","1",0.53583438682411
"7","-1",0.517373518207375
"8","1",0.834034679869872
"9","1",0.767580496638918
"10","-1",0.625638049953182
"11","1",0.519520874413648
"12","-1",0.732096965320474
"13","1",0.807495866989766
"14","1",0.891140266492073
"15","1",0.840206545519198
"16","1",0.870256156739685
"17","1",0.755876085305001
"18","1",0.849106420153535
"19","1",0.754682299500565
"20","1",0.733431577013723
"21","1",0.755876085305001
"22","1",0.69737159485984
"23","-1",0.603821765222472
"24","1",0.875430761406766
"25","1",0.787088584340366
"26","1",0.787088584340366
"27","1",0.70066517612809
"28","1",0.723089748361663
"29","1",0.875430761406766
"30","1",0.538780594893917
"31","1",0.886711073505432
"32","1",0.886711073505432
"33","1",0.910413857351696
"34","1",0.910413857351696
"35","1",0.832140124656756
