"","SVM_LABEL","SVM_PROB"
"1","1",0.728344784072679
"2","1",0.760712246446175
"3","1",0.791620394301004
"4","1",0.978754487773605
"5","1",0.823039086038918
"6","1",0.604105573731514
"7","1",0.69002628507059
"8","1",0.519543629131335
"9","1",0.772038332891788
"10","1",0.788007520066983
"11","1",0.817428244254582
"12","1",0.823039086038918
"13","-1",0.791208449294879
"14","1",0.787088584340366
"15","1",0.652222075951834
"16","1",0.68566977474726
"17","1",0.789181715602243
"18","1",0.811610736497615
"19","1",0.910536317155128
"20","1",0.760712246446175
"21","1",0.791620394301004
"22","1",0.823039086038918
"23","1",0.69002628507059
"24","1",0.755876085305001
"25","1",0.823039086038918
"26","-1",0.791208449294879
"27","1",0.787088584340366
"28","1",0.78126946878024
"29","1",0.789181715602243
"30","1",0.787088584340366
"31","1",0.804455161983612
"32","1",0.811610736497615
"33","1",0.772038332891788
"34","1",0.789624590563532
"35","1",0.7657495603537
"36","1",0.724092503884149
"37","1",0.978754487773605
"38","1",0.745426220492541
"39","1",0.815194645297079
"40","1",0.815194645297079
"41","1",0.758717126399682
"42","1",0.817519619959719
