"","SVM_LABEL","SVM_PROB"
"1","1",0.86565984851522
"2","1",0.82122097628676
"3","1",0.955220336139839
"4","1",0.787088584340366
"5","1",0.755876085305001
"6","1",0.776583663602182
"7","1",0.705597551621296
"8","1",0.582576066552118
"9","1",0.755876085305001
"10","1",0.774617129460095
"11","1",0.755876085305001
"12","1",0.618928144608409
"13","1",0.789371429370961
"14","1",0.798242458140691
"15","1",0.764679778829144
"16","1",0.755876085305001
"17","1",0.610686904192883
"18","1",0.828182792384763
"19","1",0.755876085305001
"20","1",0.610581692689374
"21","1",0.963289297146443
"22","-1",0.719263655691198
"23","1",0.790053275595165
"24","1",0.755876085305001
"25","1",0.784757444320495
"26","1",0.787088584340366
"27","1",0.580462270594709
"28","1",0.834085893797371
"29","1",0.733490359438012
"30","1",0.53583438682411
"31","1",0.82822371029167
"32","1",0.755876085305001
"33","1",0.832354552831074
"34","1",0.787488730690069
"35","1",0.918990681317266
"36","1",0.784527361709258
"37","1",0.794957015154822
"38","1",0.813893969913203
"39","1",0.887068447469283
"40","1",0.758335883934037
"41","1",0.764679778829144
"42","1",0.699721939477714
"43","1",0.75764082587886
"44","1",0.823204541413075
"45","1",0.755876085305001
"46","1",0.728070094299237
"47","1",0.755876085305001
"48","1",0.79765915827033
"49","1",0.789001333431955
"50","1",0.70580179884272
"51","1",0.938931257984945
"52","1",0.937227972546758
"53","1",0.720181199883328
"54","1",0.795274073201784
"55","1",0.755876085305001
"56","1",0.790053275595165
"57","1",0.784527361709258
"58","1",0.813893969913203
"59","1",0.887068447469283
"60","1",0.758335883934037
"61","1",0.764679778829144
"62","1",0.699721939477714
"63","1",0.789001333431955
"64","1",0.82822371029167
"65","1",0.755876085305001
"66","1",0.832354552831074
"67","1",0.918990681317266
"68","1",0.610686904192883
"69","1",0.53583438682411
"70","1",0.784527361709258
"71","1",0.813893969913203
"72","1",0.79765915827033
"73","1",0.790053275595165
"74","1",0.758335883934037
"75","1",0.764679778829144
"76","1",0.699721939477714
"77","1",0.70580179884272
"78","1",0.720181199883328
"79","1",0.795274073201784
"80","1",0.80004384122015
"81","1",0.755876085305001
"82","1",0.963289297146443
"83","1",0.755876085305001
"84","1",0.789371429370961
"85","1",0.755876085305001
