"","SVM_LABEL","SVM_PROB"
"1","1",0.707174209689297
"2","1",0.80289874256382
