"","SVM_LABEL","SVM_PROB"
"1","-1",0.984921430656875
"2","1",0.927068467891328
"3","1",0.778536877063478
"4","1",0.736053077433211
"5","1",0.538673335763114
"6","1",0.649426037856499
"7","1",0.755876085305001
"8","-1",0.507389430017691
"9","-1",0.638235974463144
