"","SVM_LABEL","SVM_PROB"
"1","1",0.627347946479092
"2","1",0.843081327967528
"3","1",0.808322377075982
"4","1",0.69340802552437
"5","1",0.856117009092417
"6","1",0.925995639578228
"7","1",0.813990834757172
"8","1",0.833095010548955
"9","1",0.755876085305001
"10","1",0.6217545005761
"11","1",0.817428244254582
"12","1",0.95263645508384
"13","1",0.692417325977846
"14","1",0.920734745487076
"15","1",0.745562310479311
"16","1",0.847814880936756
"17","1",0.787088584340366
"18","1",0.787088584340366
"19","1",0.805990749088142
"20","1",0.715970540497188
"21","1",0.83406831152601
"22","1",0.524389453803891
"23","1",0.755876085305001
"24","1",0.854695525464479
"25","1",0.891105716706373
"26","1",0.755876085305001
"27","1",0.625277260606111
"28","1",0.644044321901416
