"","SVM_LABEL","SVM_PROB"
"1","1",0.755876085305001
"2","1",0.755876085305001
"3","1",0.6716524283664
"4","1",0.768451228024299
"5","1",0.844004962610121
