"","SVM_LABEL","SVM_PROB"
"1","1",0.782744817787829
"2","1",0.755876085305001
"3","1",0.750518155501079
"4","-1",0.647811827450093
"5","1",0.624577936863432
"6","1",0.955220336139839
