"","SVM_LABEL","SVM_PROB"
"1","1",0.797666964610902
"2","1",0.521150053002941
