"","SVM_LABEL","SVM_PROB"
"1","1",0.836884422584088
"2","1",0.747154064035674
"3","1",0.842426334624671
"4","1",0.660339710822179
"5","1",0.657013109134974
"6","1",0.764679778829144
"7","1",0.755876085305001
"8","1",0.661777863095972
"9","1",0.50976788222644
"10","-1",0.534180280287146
"11","1",0.679632461267211
"12","1",0.875430761406766
"13","1",0.755876085305001
"14","1",0.851328463767699
"15","1",0.600142080937403
"16","1",0.755876085305001
"17","-1",0.586656802435248
"18","1",0.802720930360641
"19","-1",0.560875369741403
"20","1",0.707174209689297
"21","1",0.815194645297079
"22","1",0.815194645297079
"23","1",0.815194645297079
"24","1",0.815194645297079
"25","1",0.750352186278401
"26","1",0.679632461267211
"27","1",0.779043899259658
"28","1",0.755876085305001
"29","1",0.755876085305001
"30","1",0.645184912263684
"31","1",0.95426144232442
"32","1",0.796242151297747
"33","1",0.801061289595226
"34","1",0.512440563706047
"35","1",0.848886757257226
"36","1",0.787088584340366
"37","1",0.755876085305001
"38","1",0.719158952705022
"39","1",0.779043899259658
"40","1",0.84884935037835
"41","1",0.660339710822179
"42","1",0.594224637020154
"43","1",0.755876085305001
"44","1",0.50976788222644
"45","1",0.755876085305001
"46","1",0.755876085305001
"47","1",0.661777863095972
"48","1",0.95426144232442
"49","1",0.512440563706047
"50","1",0.512440563706047
"51","1",0.714547007407403
"52","1",0.91863018250246
"53","1",0.577047822874683
"54","1",0.719158952705022
"55","1",0.719158952705022
"56","1",0.760972215765447
"57","1",0.50976788222644
"58","1",0.755876085305001
"59","1",0.679632461267211
"60","1",0.755876085305001
"61","1",0.645184912263684
"62","1",0.764679778829144
