"","SVM_LABEL","SVM_PROB"
"1","1",0.512455786345084
"2","-1",0.531782055494025
"3","1",0.860608820372135
"4","1",0.636295683108903
"5","1",0.755876085305001
"6","1",0.755876085305001
"7","1",0.756259948829309
"8","-1",0.531782055494025
"9","1",0.53328196265704
"10","-1",0.531782055494025
"11","1",0.755876085305001
