"","SVM_LABEL","SVM_PROB"
"1","1",0.715692511845764
"2","1",0.691543276210855
"3","1",0.594668233031002
"4","1",0.827402708366968
"5","1",0.827402708366968
"6","1",0.554488098412614
"7","-1",0.531782055494025
"8","1",0.725245864897858
"9","-1",0.517982908700873
"10","-1",0.529477314972992
"11","-1",0.572708534189855
"12","1",0.725245864897858
