"","SVM_LABEL","SVM_PROB"
"1","1",0.827270112321087
"2","1",0.775295926897621
"3","1",0.782241617981458
