"","SVM_LABEL","SVM_PROB"
"1","-1",0.662171910005548
"2","1",0.557976933948191
"3","1",0.823395747089588
"4","1",0.827917522278186
"5","1",0.83663779043652
"6","1",0.756259948829309
"7","-1",0.507668470642093
"8","1",0.905062137805694
"9","1",0.755876085305001
"10","1",0.755876085305001
"11","1",0.755876085305001
"12","1",0.755876085305001
"13","1",0.787017978117536
"14","1",0.747154064035674
"15","1",0.889552850110413
"16","1",0.830449402527106
"17","1",0.859483407960047
"18","1",0.732745474234861
"19","1",0.764679778829144
"20","1",0.755876085305001
"21","1",0.845844359797256
"22","-1",0.699120884911779
"23","1",0.942753867566038
"24","1",0.707939453857975
"25","1",0.691543276210855
"26","1",0.787088584340366
"27","1",0.734307335805022
"28","1",0.514705085114135
"29","1",0.776063582969185
"30","1",0.787088584340366
"31","1",0.787440186455223
"32","1",0.760972215765447
"33","1",0.782744817787829
"34","1",0.889552850110413
"35","1",0.955220336139839
"36","1",0.767269226909638
"37","1",0.684960661701752
"38","1",0.802677433593232
"39","1",0.735683798591239
"40","1",0.755876085305001
"41","1",0.810262670962449
"42","1",0.846748689297283
"43","1",0.744844841145322
"44","1",0.755876085305001
"45","1",0.782744817787829
"46","1",0.780515607766898
"47","1",0.820531678646135
"48","1",0.738427352075691
"49","1",0.685073149648984
"50","1",0.659442690393658
"51","1",0.826023941183826
"52","1",0.88702349032063
"53","1",0.787088584340366
"54","1",0.89471428028574
"55","1",0.91277303755097
"56","1",0.755876085305001
"57","1",0.91277303755097
"58","1",0.779043899259658
"59","1",0.787088584340366
"60","1",0.872715092190566
"61","1",0.554299420601319
"62","1",0.916252260614618
"63","1",0.755615307057234
"64","1",0.932441299756776
"65","1",0.744844841145322
"66","-1",0.526450387971885
"67","1",0.747996292601803
"68","1",0.74510444130194
"69","1",0.751743364117687
"70","1",0.755876085305001
"71","1",0.549868049186903
"72","1",0.820531678646135
"73","1",0.821083208983016
"74","1",0.59975032909392
"75","1",0.787088584340366
"76","1",0.554299420601319
"77","1",0.755876085305001
"78","1",0.750352186278401
"79","1",0.643772343637259
