"","SVM_LABEL","SVM_PROB"
"1","1",0.64810731592427
"2","1",0.587425112145793
"3","1",0.66595838560392
"4","1",0.754048407897284
"5","-1",0.520315495593016
"6","-1",0.5
"7","-1",0.597693537577114
"8","-1",0.5
"9","1",0.63801013635519
"10","1",0.521559122256332
"11","-1",0.627844472456786
"12","-1",0.704970252191495
"13","1",0.587425112145793
"14","1",0.66595838560392
"15","-1",0.520315495593016
"16","-1",0.5
"17","1",0.754048407897284
"18","-1",0.597693537577114
"19","-1",0.5
"20","1",0.613865507881771
"21","1",0.613865507881771
"22","1",0.519940558164825
"23","1",0.727181039089264
"24","-1",0.525482747091632
"25","1",0.660747191282274
"26","1",0.697048132601856
"27","1",0.727181039089264
"28","1",0.678051751508859
"29","1",0.596544686565994
"30","-1",0.594493645155054
"31","1",0.53684149778999
"32","1",0.699923453056959
"33","1",0.567502875079441
"34","1",0.647762757439536
"35","1",0.660747191282274
"36","1",0.656650449206156
"37","1",0.554319869057774
"38","1",0.565644208433925
"39","1",0.564910520726803
"40","1",0.656650449206156
"41","1",0.762990978690971
"42","1",0.776938726455878
"43","-1",0.670869140409408
"44","1",0.587849118164311
"45","1",0.613865507881771
"46","1",0.519940558164825
"47","1",0.660747191282274
"48","1",0.656650449206156
"49","1",0.697048132601856
"50","1",0.727181039089264
"51","1",0.678051751508859
"52","-1",0.594493645155054
"53","1",0.53684149778999
"54","1",0.699923453056959
