"","SVM_LABEL","SVM_PROB"
"1","-1",0.5
"2","1",0.521559122256332
"3","1",0.613865507881771
"4","-1",0.531305760168834
"5","-1",0.5271622471376
"6","1",0.694104251171827
"7","1",0.542459006715267
"8","1",0.613865507881771
"9","1",0.840790006294448
"10","1",0.653563319778418
"11","-1",0.508287700226809
"12","1",0.70280031195544
"13","1",0.518998166116405
"14","1",0.709910606083387
"15","1",0.628638946037075
"16","1",0.653563319778418
"17","1",0.685608089160275
"18","1",0.609700837849336
"19","1",0.653563319778418
"20","-1",0.627844472456786
"21","1",0.593628678074097
"22","1",0.72034338430764
"23","1",0.608900003968074
"24","1",0.653563319778418
"25","-1",0.574827881852383
"26","-1",0.5
"27","1",0.842660494355909
"28","1",0.842660494355909
"29","1",0.621732415417447
"30","-1",0.640888613085868
"31","1",0.581078953178853
"32","1",0.559835108925282
"33","1",0.653563319778418
"34","1",0.653563319778418
"35","1",0.670658858476074
"36","1",0.670658858476074
"37","1",0.774391866594299
"38","1",0.603606585251424
"39","1",0.562117228445016
"40","1",0.737730875736041
"41","-1",0.746560241992397
"42","1",0.737730875736041
"43","1",0.699385933193456
"44","1",0.737730875736041
"45","1",0.737730875736041
"46","1",0.66300553308293
"47","1",0.66300553308293
"48","1",0.819044585069902
"49","1",0.679863380630075
"50","1",0.869025602282611
"51","-1",0.596197683576336
"52","1",0.581237584475669
