"","SVM_LABEL","SVM_PROB"
"1","1",0.636306364180667
"2","-1",0.703889530808909
"3","1",0.613865507881771
"4","-1",0.688847795068465
"5","1",0.632401547677548
"6","1",0.706619378005665
"7","1",0.788846757471213
"8","1",0.788846757471213
"9","1",0.636306364180667
"10","1",0.613865507881771
"11","1",0.667094252454419
"12","-1",0.862291456845726
