"","SVM_LABEL","SVM_PROB"
"1","1",0.587849118164311
"2","1",0.613865507881771
"3","1",0.613865507881771
"4","1",0.74552227768543
"5","1",0.659832018742619
"6","1",0.613865507881771
"7","1",0.613865507881771
"8","1",0.613865507881771
"9","1",0.653563319778418
"10","1",0.666009011713598
"11","1",0.830139992876862
"12","1",0.771923475607591
"13","1",0.613865507881771
"14","1",0.774869096707617
"15","1",0.682822897539341
"16","1",0.738740776648149
"17","1",0.675487869395912
"18","1",0.613865507881771
"19","1",0.757804211542975
"20","-1",0.530110789783259
"21","1",0.621682748045142
"22","1",0.54127407040946
"23","1",0.722122808904533
"24","1",0.722122808904533
"25","1",0.514133878804598
"26","1",0.722122808904533
"27","1",0.722122808904533
