"","SVM_LABEL","SVM_PROB"
"1","1",0.639187873274474
"2","1",0.577015865802729
"3","1",0.518670416980559
"4","1",0.653563319778418
"5","1",0.750252190673384
"6","1",0.505828382219412
"7","1",0.613865507881771
"8","1",0.613865507881771
"9","1",0.613865507881771
"10","1",0.613865507881771
"11","1",0.613865507881771
"12","1",0.613865507881771
"13","1",0.613865507881771
"14","1",0.613865507881771
"15","1",0.613865507881771
"16","1",0.847456827136953
"17","1",0.613865507881771
"18","1",0.613865507881771
"19","1",0.613865507881771
"20","1",0.613865507881771
"21","1",0.613865507881771
"22","1",0.613865507881771
"23","1",0.613865507881771
"24","-1",0.537262453914425
"25","1",0.613865507881771
"26","1",0.613865507881771
"27","1",0.64879065679303
"28","1",0.869025602282611
"29","1",0.653563319778418
"30","1",0.613865507881771
"31","1",0.66595838560392
"32","1",0.671699437520547
"33","-1",0.565580915510903
"34","1",0.62898607811699
"35","1",0.613865507881771
"36","1",0.613865507881771
"37","1",0.613865507881771
"38","1",0.681458986598064
"39","-1",0.562974099681112
"40","1",0.739914681678821
"41","-1",0.593544772078679
"42","1",0.849619394179265
"43","1",0.613865507881771
"44","1",0.52042294727168
"45","1",0.650422271281983
"46","-1",0.506743356573724
