"","SVM_LABEL","SVM_PROB"
"1","1",0.537982139573468
"2","1",0.653563319778418
"3","1",0.764813181279222
"4","1",0.613865507881771
"5","1",0.887610354788128
"6","1",0.681558878197244
"7","-1",0.517312570371292
"8","1",0.726426097848546
"9","1",0.850093913223982
